UNIQUE_CARRIER,Description,Sum(DEPARTURES_PERFORMED)
-,Unknown,360
02Q,Titan Airways,1
04Q,Tradewind Aviation,3597
09Q,"Swift Air, LLC d/b/a Eastern Air Lines d/b/a Eastern",2809
0BQ,DCA,12
0CQ,ACM AIR CHARTER GmbH,22
0GQ,"Inter Island Airways, d/b/a Inter Island Air",0
0JQ,Vision Airlines,2097
0QQ,TAG Aviation (UK) Ltd.,7
0RQ,TAG Aviation Espana S.L.,23
0WQ,Avjet Corporation,2118
10Q,Swiss Air Ambulance,2
13Q,Chartright Air Inc.,181
14Q,London Air Services Limited,134
15Q,Air Alsie A/S,40
17Q,Albinati Aeronautics SA,10
1BQ,"Eastern Airlines f/k/a Dynamic Airways, LLC",77
1DQ,Island Airlines LLC,11542
1EQ,"KaiserAir, Inc.",241
1HQ,International Jet Management GmbH,16
1LQ,Bertelsmann Aviation GmbH,1
1PQ,Makani Kai Air Charters,3168
1QQ,City Wings Inc dba Seaflight,3806
1TQ,Rhoades Aviation dba Transair,2533
1UQ,Gainjet Aviation SA,23
1WQ,Ultimate JetCharters LLC dba Ultimate Air Shuttle,2595
1XQ,Dassault Falcon Service,3
1YQ,"Air Charter, Inc d/b/a Air Flamenco",15016
20Q,Orange Air,325
23Q,Songbird Airways Inc.,219
24Q,Jet Story,14
25Q,Mjet GmbH,1
26Q,Albinati aviation Limited,1
28Q,Menagerie Enterprises Inc d/b/a Monarch Air,946
29Q,Erickson Helicopters,112
2AQ,ABS JETS A.S,8
2E,Smokey Bay Air Inc.,7577
2F,Frontier Flying Service,409
2GQ,Cavok Air LLC,10
2KQ,Longtail Aviation Ltd.,18
2O,Island Air Service,7886
3E,"Multi-Aero, Inc. d/b/a Air Choice One",14847
3F,"Pacific Airways, Inc.",8012
3M,Silver Airways,35771
3S,AeroLogic GmbH,99
4B,Boutique Air,8798
4W,Warbelow,10623
4Y (1),Yute Air Aka Flight Alaska,41199
5D,Aerolitoral,9
5V,Tatonduk Outfitters Limited d/b/a Everts Air Alaska and Everts Air Cargo,6768
5X,United Parcel Service,100469
5Y,Atlas Air Inc.,7463
6R,Aerounion Aerotransporte de Carga Union SA de CV,1
7H,NEW PACIFIC AIRLINES,26223
7S,Ryan Air f/k/a Arctic Transportation,13889
8C,Air Transport International,4580
8D,"Dynamic Aviation, Inc. d/b/a Beacon",4069
8E,Bering Air Inc.,29091
8V,Wright Air Service,14881
9E,Endeavor Air Inc.,174997
9K,"Hyannis Air Service, Inc. dba Cape Air",112276
9S,Southern Air Inc.,3120
9X,"Southern Airways Express, dba Mokulele Airlines",12327
AA,American Airlines Inc.,718117
AAT,Air Sunshine Inc.,1428
ABX,ABX Air Inc,10839
AC,Air Canada,173
ADB,Antonov Company,26
AF,Compagnie Natl Air France,16
AM,Aeromexico,21
AMQ,Ameristar Air Cargo,1048
AS,Alaska Airlines Inc.,174822
AX,Trans States Airlines,68663
B6,JetBlue Airways,263702
BA,British Airways Plc,26
BR,Eva Airways Corporation,2067
C5,CommuteAir LLC dba CommuteAir,34114
CA,Air China,534
CC,Air Atlanta Icelandic,1
CH,Bemidji Airlines,689
CI,China Airlines Ltd.,3177
CK,China Cargo Airline,868
CP (2),Compass Airlines,74289
CX,Cathay Pacific Airways Ltd.,3891
DE,Condor Flugdienst,7
DL,Delta Air Lines Inc.,878386
DY,Norwegian Air Shuttle ASA,5
EE,Eastern Airlines Group Inc.,269
EK,Emirates,5
ELL,Ellis Air Taxi Inc.,462
EM,Empire Airlines Inc.,30420
EV,ExpressJet Airlines LLC d/b/a aha!,565819
EY,Etihad Airways,2
F9,Frontier Airlines Inc.,91063
FCQ,Falcon Air Express,420
FP,TAG Aviation S.A.,4
FX,Federal Express Corporation,264840
G3,VRG Linhas Aereas S A,1
G4,Allegiant Air,65648
G7,GoJet Airlines LLC d/b/a United Express,74909
GBQ,G5 Executive Ag,6
GCH,Grand Canyon Helicopters,716
GFQ,Gulf And Caribbean Cargo,1537
GL,Miami Air International,2321
GV,Grant Aviation,49419
H6,Hageland Aviation Service,101620
HA,Hawaiian Airlines Inc.,76407
HB,Homer Air,6658
I4,Scott Air LLC dba Island Air Express,3146
IB,Iberia Air Lines Of Spain,1
IGA,"Global Jet Austria, GmbH",11
J5,Kalinin Aviation LLC d/b/a Alaska Seaplanes,16276
K3,Venture Travel LLC d/b/a Taquan Air Service,8061
K5,"Seaport Airlines, Inc.",29744
KAH,Kenmore Air Harbor,10777
KAQ,Kalitta Air LLC,1480
KAT,Katmai Air,3043
KD,Western Global,318
KE,Korean Air Lines Co. Ltd.,4484
KH,Aloha Air Cargo,9702
KL,Klm Royal Dutch Airlines,2
KLQ,Kalitta Charters II,973
KO,Alaska Central Express,10518
KS,Peninsula Airways Inc.,17661
KV,Sky Regional Airlines Inc.,7
KX,Cayman Airways Limited,1
KZ,Nippon Cargo Airlines,1721
L2,Lynden Air Cargo Airlines,1890
L7,Lan Colombia,3
LA,LATAM Airlines Group SA dba Lan Airlines,8
LF,CFM Inc d/b/a Contour Airlines d/b/a One Jet Shuttle,2776
LH,Lufthansa German Airlines,356
LP,Lan Peru Airlines,3
LW,Pacific Wings Airlines,169
M6,Amerijet International,818
MQ,Envoy Air,280819
MW,"Mokulele Flight Services, Inc.",40154
NC,Northern Air Cargo Inc.,5688
NEW,New England Airlines Inc.,6025
NK,Spirit Air Lines,116044
OH,PSA Airlines Inc.,177507
OO,SkyWest Airlines Inc.,582981
OZ,Asiana Airlines Inc.,1932
PBQ,Privatair,1
PEQ,SkyLink Express Inc.,6
PFQ,Asia Pacific,121
PH,Polynesian Airlines Ltd.,422
PM,"Prescott Support Company, Inc.",80
PO,Polar Air Cargo Airways,1819
PP,Jet Aviation Business Jets AG,2
PR,Philippine Airlines Inc.,39
PRQ,Florida West Airlines Inc.,7
PT,Piedmont Airlines,91894
Q5,40-Mile Air,940
QF,Qantas Airways Ltd.,1268
QK,Jazz Aviation LP,8
QX,Horizon Air,118209
RU,AirBridgeCargo Airlines Limited,791
RV,Air Canada rouge LP,9
RVQ,"Reeve Air Alaska, LLC",338
S2,Star Marianas Air Inc.,27394
S4,Sata Internacional,2
S5,Shuttle America Corp.,153308
SEB,"Seaborne Virgin Islands, Inc.",9072
SNK,Spernak Airways Inc.,4010
SQ,Singapore Airlines Ltd.,370
SVW,"Global Jet Luxembourg, Sa",13
SY,Sun Country Airlines d/b/a MN Airlines,18746
TB,TUI Airlines Belgium N.V. d/b/a Jetairfly,43
TIQ,Tyrolean Jet Service,4
TP,TAP-TAP Air Portugal,1
U7,USA Jet Airlines Inc.,2834
UA,United Air Lines Inc.,513022
US,US Airways Inc.,195400
V8,Iliamna Air Taxi,5525
VC,Via Airlines d/b/a Sterling Airways,3545
VI,Vieques Air Link Inc.,16257
VIQ,Volga-Dnepr Airlines,55
VJT,VistaJet Limited,41
VS,Virgin Atlantic Airways,15
VSA,VistaJet Luftfahrtunternehmen GmbH,1
VX,Virgin America,61381
WE,Centurion Cargo Inc.,50
WG,Sunwing Airlines Inc.,47
WI,Sky Lease Cargo,325
WL,"Caribbean Sun Airlines, Inc. d/b/a World Atlantic Airlines",634
WN,Southwest Airlines Co.,1249070
WP,Island Air Hawaii,10440
WRD,Ward Air,128
WST,Friday Harbor Seaplanes,578
X4,Air Excursions LLC,2039
X9,Omni Air International LLC,775
XL,Lan Ecuador,2
XP,TEM Enterprises dba  Avelo Airlines,577
YR,"Grand Canyon Airlines, Inc. d/b/a Grand Canyon Airlines d/b/a Scenic Airlines",22520
YV,Mesa Airlines Inc.,169770
YX,Republic Airline,222601
Z3,"Bidzy Ta Hot Aana, Inc. d/b/a Tanana Air Service",1443
Z3Q,"PM Air, LLC",6334
ZK,Great Lakes Airlines,23925
ZW,Air Wisconsin Airlines Corp,148791
ZX,Air Georgian,18
All Rows,All Rows (including those not displayed),8689086
04Q,Tradewind Aviation,5979
09Q,"Swift Air, LLC d/b/a Eastern Air Lines d/b/a Eastern",3290
0BQ,DCA,12
0CQ,ACM AIR CHARTER GmbH,27
0Q,Flying Service N.V.,8
0QQ,TAG Aviation (UK) Ltd.,2
0RQ,TAG Aviation Espana S.L.,21
0WQ,Avjet Corporation,1812
13Q,Chartright Air Inc.,200
14Q,London Air Services Limited,137
15Q,Air Alsie A/S,38
17Q,Albinati Aeronautics SA,6
1BQ,"Eastern Airlines f/k/a Dynamic Airways, LLC",127
1EQ,"KaiserAir, Inc.",279
1HQ,International Jet Management GmbH,1
1LQ,Bertelsmann Aviation GmbH,3
1PQ,Makani Kai Air Charters,3168
1QQ,City Wings Inc dba Seaflight,3978
1TQ,Rhoades Aviation dba Transair,2864
1UQ,Gainjet Aviation SA,44
1WQ,Ultimate JetCharters LLC dba Ultimate Air Shuttle,3105
1XQ,Dassault Falcon Service,8
1YQ,"Air Charter, Inc d/b/a Air Flamenco",12714
20Q,Orange Air,5
22Q,Gem Air LLC,191
23Q,Songbird Airways Inc.,50
24Q,Jet Story,12
26Q,Albinati aviation Limited,7
27Q,"Jet Aviation Flight Services, Inc.",841
28Q,Menagerie Enterprises Inc d/b/a Monarch Air,2308
29Q,Erickson Helicopters,358
2AQ,ABS JETS A.S,3
2E,Smokey Bay Air Inc.,12229
2F,Frontier Flying Service,444
2GQ,Cavok Air LLC,11
2HQ,Elite Airways LLC,1002
2JQ,Delux Public Charter LLC,1931
2KQ,Longtail Aviation Ltd.,9
2O,Island Air Service,9769
2TQ,Trans Northern Airways d/b/a Air Unlimited Charter Services,88
2UQ,Svenskt Industriflyg AB,1
3E,"Multi-Aero, Inc. d/b/a Air Choice One",17073
3F,"Pacific Airways, Inc.",8169
3M,Silver Airways,28698
3S,AeroLogic GmbH,96
4B,Boutique Air,25430
4C,Aerovias de Intergracian Regional,1
4W,Warbelow,11266
4Y (1),Yute Air Aka Flight Alaska,38722
5D,Aerolitoral,9
5V,Tatonduk Outfitters Limited d/b/a Everts Air Alaska and Everts Air Cargo,6549
5X,United Parcel Service,106916
5Y,Atlas Air Inc.,8798
7H,NEW PACIFIC AIRLINES,25699
7S,Ryan Air f/k/a Arctic Transportation,14517
8C,Air Transport International,6898
8D,"Dynamic Aviation, Inc. d/b/a Beacon",320
8E,Bering Air Inc.,30683
8V,Wright Air Service,15035
9E,Endeavor Air Inc.,194596
9K,"Hyannis Air Service, Inc. dba Cape Air",107966
9S,Southern Air Inc.,4399
9X,"Southern Airways Express, dba Mokulele Airlines",12154
AA,American Airlines Inc.,906890
AAB,Abelag Aviation AG,1
AAT,Air Sunshine Inc.,1224
AB,Air Berlin PLC and CO,1
ABX,ABX Air Inc,11024
AC,Air Canada,176
ADB,Antonov Company,17
AF,Compagnie Natl Air France,14
AJQ,Aerodynamics Inc. d/b/a SkyValue d/b/a SkyValue Airways,1506
AM,Aeromexico,21
AMQ,Ameristar Air Cargo,1107
AS,Alaska Airlines Inc.,179647
AX,Trans States Airlines,75987
B6,JetBlue Airways,279540
BA,British Airways Plc,31
BR,Eva Airways Corporation,1960
C5,CommuteAir LLC dba CommuteAir,40549
CA,Air China,353
CAQ,Challenge Air Luftverkehrs GmbH,5
CC,Air Atlanta Icelandic,2
CH,Bemidji Airlines,686
CI,China Airlines Ltd.,2993
CK,China Cargo Airline,800
CP (2),Compass Airlines,99239
CX,Cathay Pacific Airways Ltd.,3824
DE,Condor Flugdienst,8
DL,Delta Air Lines Inc.,925717
DY,Norwegian Air Shuttle ASA,3
EE,Eastern Airlines Group Inc.,918
ELL,Ellis Air Taxi Inc.,408
EM,Empire Airlines Inc.,31914
EV,ExpressJet Airlines LLC d/b/a aha!,486274
EY,Etihad Airways,3
F9,Frontier Airlines Inc.,94078
FP,TAG Aviation S.A.,11
FX,Federal Express Corporation,272718
G3,VRG Linhas Aereas S A,10
G4,Allegiant Air,78535
G7,GoJet Airlines LLC d/b/a United Express,82349
GCH,Grand Canyon Helicopters,690
GFQ,Gulf And Caribbean Cargo,1199
GL,Miami Air International,2138
GV,Grant Aviation,49758
H6,Hageland Aviation Service,107805
HA,Hawaiian Airlines Inc.,76972
HBQ,Harris Air Services,126
I4,Scott Air LLC dba Island Air Express,3502
IB,Iberia Air Lines Of Spain,1
IGA,"Global Jet Austria, GmbH",2
J5,Kalinin Aviation LLC d/b/a Alaska Seaplanes,19950
JN,"J&M Alaska Air Tours, Inc. d/b/a Alaska Air Transit",204
K3,Venture Travel LLC d/b/a Taquan Air Service,11693
K5,"Seaport Airlines, Inc.",5891
KAH,Kenmore Air Harbor,11188
KAQ,Kalitta Air LLC,1899
KAT,Katmai Air,3087
KD,Western Global,828
KE,Korean Air Lines Co. Ltd.,3919
KH,Aloha Air Cargo,10143
KL,Klm Royal Dutch Airlines,5
KLQ,Kalitta Charters II,1518
KO,Alaska Central Express,11682
KS,Peninsula Airways Inc.,20697
KV,Sky Regional Airlines Inc.,33
KZ,Nippon Cargo Airlines,1798
L2,Lynden Air Cargo Airlines,2136
L7,Lan Colombia,2
LA,LATAM Airlines Group SA dba Lan Airlines,12
LF,CFM Inc d/b/a Contour Airlines d/b/a One Jet Shuttle,9159
LH,Lufthansa German Airlines,318
LP,Lan Peru Airlines,3
M3,ABSA-Aerolinhas Brasileiras,2
M6,Amerijet International,823
MP,Martinair Holland N.V.,2
MQ,Envoy Air,262029
MW,"Mokulele Flight Services, Inc.",40472
N8,National Air Cargo Group Inc d/ba National Airlines,260
NC,Northern Air Cargo Inc.,5200
NEW,New England Airlines Inc.,8131
NK,Spirit Air Lines,136052
O6,Oceanair Linhas Aereas S A,2
OH,PSA Airlines Inc.,227419
OO,SkyWest Airlines Inc.,603019
OZ,Asiana Airlines Inc.,2590
PFQ,Asia Pacific,162
PH,Polynesian Airlines Ltd.,558
PM,"Prescott Support Company, Inc.",32
PO,Polar Air Cargo Airways,3013
PP,Jet Aviation Business Jets AG,2
PR,Philippine Airlines Inc.,67
PRQ,Florida West Airlines Inc.,41
PT,Piedmont Airlines,88292
Q5,40-Mile Air,914
QF,Qantas Airways Ltd.,1315
QK,Jazz Aviation LP,2
QX,Horizon Air,121013
RU,AirBridgeCargo Airlines Limited,1488
RV,Air Canada rouge LP,18
RVQ,"Reeve Air Alaska, LLC",204
S2,Star Marianas Air Inc.,25651
S5,Shuttle America Corp.,90402
SEB,"Seaborne Virgin Islands, Inc.",11294
SNK,Spernak Airways Inc.,3834
SQ,Singapore Airlines Ltd.,354
SVW,"Global Jet Luxembourg, Sa",23
SY,Sun Country Airlines d/b/a MN Airlines,19800
TB,TUI Airlines Belgium N.V. d/b/a Jetairfly,50
TIQ,Tyrolean Jet Service,3
TP,TAP-TAP Air Portugal,4
U7,USA Jet Airlines Inc.,2631
UA,United Air Lines Inc.,542855
V8,Iliamna Air Taxi,4852
VC,Via Airlines d/b/a Sterling Airways,4258
VI,Vieques Air Link Inc.,15211
VIQ,Volga-Dnepr Airlines,37
VJT,VistaJet Limited,47
VS,Virgin Atlantic Airways,15
VX,Virgin America,68468
WE,Centurion Cargo Inc.,6
WG,Sunwing Airlines Inc.,70
WI,Sky Lease Cargo,317
WL,"Caribbean Sun Airlines, Inc. d/b/a World Atlantic Airlines",2378
WN,Southwest Airlines Co.,1286581
WP,Island Air Hawaii,11590
WRD,Ward Air,128
WST,Friday Harbor Seaplanes,764
X4,Air Excursions LLC,1914
X9,Omni Air International LLC,512
XL,Lan Ecuador,6
XP,TEM Enterprises dba  Avelo Airlines,1456
YR,"Grand Canyon Airlines, Inc. d/b/a Grand Canyon Airlines d/b/a Scenic Airlines",21324
YV,Mesa Airlines Inc.,189994
YX,Republic Airline,196698
Z3,"Bidzy Ta Hot Aana, Inc. d/b/a Tanana Air Service",1743
Z3Q,"PM Air, LLC",2990
ZK,Great Lakes Airlines,17937
ZW,Air Wisconsin Airlines Corp,130333
ZX,Air Georgian,6
All Rows,All Rows (including those not displayed),8829635
02Q,Titan Airways,1
04Q,Tradewind Aviation,5936
09Q,"Swift Air, LLC d/b/a Eastern Air Lines d/b/a Eastern",5212
0BQ,DCA,13
0CQ,ACM AIR CHARTER GmbH,30
0Q,Flying Service N.V.,9
0QQ,TAG Aviation (UK) Ltd.,1
0RQ,TAG Aviation Espana S.L.,14
0WQ,Avjet Corporation,1844
10Q,Swiss Air Ambulance,2
13Q,Chartright Air Inc.,289
14Q,London Air Services Limited,174
15Q,Air Alsie A/S,41
17Q,Albinati Aeronautics SA,11
1BQ,"Eastern Airlines f/k/a Dynamic Airways, LLC",73
1EQ,"KaiserAir, Inc.",297
1HQ,International Jet Management GmbH,1
1LQ,Bertelsmann Aviation GmbH,2
1PQ,Makani Kai Air Charters,3168
1QQ,City Wings Inc dba Seaflight,2656
1TQ,Rhoades Aviation dba Transair,4066
1UQ,Gainjet Aviation SA,20
1WQ,Ultimate JetCharters LLC dba Ultimate Air Shuttle,3252
1XQ,Dassault Falcon Service,4
1YQ,"Air Charter, Inc d/b/a Air Flamenco",9819
22Q,Gem Air LLC,255
24Q,Jet Story,13
25Q,Mjet GmbH,3
26Q,Albinati aviation Limited,3
27Q,"Jet Aviation Flight Services, Inc.",3236
28Q,Menagerie Enterprises Inc d/b/a Monarch Air,1447
29Q,Erickson Helicopters,103
2AQ,ABS JETS A.S,7
2E,Smokey Bay Air Inc.,11940
2F,Frontier Flying Service,708
2GQ,Cavok Air LLC,11
2HQ,Elite Airways LLC,1446
2JQ,Delux Public Charter LLC,4118
2KQ,Longtail Aviation Ltd.,1
2O,Island Air Service,11238
2RQ,Luxaviation S A,1
2TQ,Trans Northern Airways d/b/a Air Unlimited Charter Services,122
2UQ,Svenskt Industriflyg AB,14
36Q,Air Hamburg Luftverkehrsgesellschaft mbH,1
3E,"Multi-Aero, Inc. d/b/a Air Choice One",17646
3F,"Pacific Airways, Inc.",7329
3M,Silver Airways,20412
3S,AeroLogic GmbH,64
4B,Boutique Air,35504
4M,LAN Argentina,2
4W,Warbelow,11197
4Y (1),Yute Air Aka Flight Alaska,4141
5D,Aerolitoral,12
5V,Tatonduk Outfitters Limited d/b/a Everts Air Alaska and Everts Air Cargo,6646
5X,United Parcel Service,113646
5Y,Atlas Air Inc.,15602
7H,NEW PACIFIC AIRLINES,24127
7S,Ryan Air f/k/a Arctic Transportation,14659
8C,Air Transport International,12294
8D,"Dynamic Aviation, Inc. d/b/a Beacon",8
8E,Bering Air Inc.,32068
8V,Wright Air Service,14827
9E,Endeavor Air Inc.,220243
9K,"Hyannis Air Service, Inc. dba Cape Air",98406
9S,Southern Air Inc.,3892
9X,"Southern Airways Express, dba Mokulele Airlines",25944
AA,American Airlines Inc.,887186
AAT,Air Sunshine Inc.,1246
ABX,ABX Air Inc,12476
AC,Air Canada,193
ADB,Antonov Company,63
AF,Compagnie Natl Air France,11
AJQ,Aerodynamics Inc. d/b/a SkyValue d/b/a SkyValue Airways,2773
AM,Aeromexico,18
AMQ,Ameristar Air Cargo,896
AS,Alaska Airlines Inc.,188163
AX,Trans States Airlines,83086
B6,JetBlue Airways,292011
BA,British Airways Plc,20
BCQ,Bradley Air Services Ltd.,1
BR,Eva Airways Corporation,1669
C5,CommuteAir LLC dba CommuteAir,45559
CA,Air China,645
CC,Air Atlanta Icelandic,7
CH,Bemidji Airlines,637
CI,China Airlines Ltd.,3138
CK,China Cargo Airline,803
CP (2),Compass Airlines,93142
CRV,Acropolis Aviation Ltd.,1
CX,Cathay Pacific Airways Ltd.,4027
D8,Norwegian Air International Ltd.,7
DE,Condor Flugdienst,13
DL,Delta Air Lines Inc.,922483
DY,Norwegian Air Shuttle ASA,11
EE,Eastern Airlines Group Inc.,200
ELL,Ellis Air Taxi Inc.,380
EM,Empire Airlines Inc.,31025
EV,ExpressJet Airlines LLC d/b/a aha!,335081
EY,Etihad Airways,3
F9,Frontier Airlines Inc.,102135
FP,TAG Aviation S.A.,3
FX,Federal Express Corporation,270199
G4,Allegiant Air,87913
G7,GoJet Airlines LLC d/b/a United Express,90119
GCH,Grand Canyon Helicopters,210
GFQ,Gulf And Caribbean Cargo,1066
GL,Miami Air International,2203
GV,Grant Aviation,48467
H6,Hageland Aviation Service,103293
HA,Hawaiian Airlines Inc.,80313
HBQ,Harris Air Services,3185
I4,Scott Air LLC dba Island Air Express,3744
J5,Kalinin Aviation LLC d/b/a Alaska Seaplanes,18865
JL,Japan Air Lines Co. Ltd.,1
JN,"J&M Alaska Air Tours, Inc. d/b/a Alaska Air Transit",120
JU,Air Serbia,2
K2,"Paklook Air, Inc d/b/a/ Airlift Alaska d/b/a/ Yute Commuter Service",2635
K3,Venture Travel LLC d/b/a Taquan Air Service,11235
KAH,Kenmore Air Harbor,11836
KAQ,Kalitta Air LLC,3811
KAT,Katmai Air,2834
KD,Western Global,1157
KE,Korean Air Lines Co. Ltd.,3618
KG,Key Lime Air Corp dba Denver Air Connection,2419
KH,Aloha Air Cargo,9448
KL,Klm Royal Dutch Airlines,3
KLQ,Kalitta Charters II,2665
KO,Alaska Central Express,12391
KS,Peninsula Airways Inc.,19010
KV,Sky Regional Airlines Inc.,36
KZ,Nippon Cargo Airlines,1905
L2,Lynden Air Cargo Airlines,2096
L7,Lan Colombia,5
LA,LATAM Airlines Group SA dba Lan Airlines,5
LF,CFM Inc d/b/a Contour Airlines d/b/a One Jet Shuttle,14792
LH,Lufthansa German Airlines,321
LO,Polskie Linie Lotnicze,1
LP,Lan Peru Airlines,1
M3,ABSA-Aerolinhas Brasileiras,1
M6,Amerijet International,1228
MQ,Envoy Air,239280
MW,"Mokulele Flight Services, Inc.",38787
N8,National Air Cargo Group Inc d/ba National Airlines,282
NC,Northern Air Cargo Inc.,4517
NEW,New England Airlines Inc.,7717
NK,Spirit Air Lines,152021
OH,PSA Airlines Inc.,244554
OO,SkyWest Airlines Inc.,702038
OZ,Asiana Airlines Inc.,3391
P3,Cargologicair Limited,10
PFQ,Asia Pacific,246
PH,Polynesian Airlines Ltd.,524
PM,"Prescott Support Company, Inc.",41
PO,Polar Air Cargo Airways,2187
PP,Jet Aviation Business Jets AG,14
PR,Philippine Airlines Inc.,40
PT,Piedmont Airlines,86730
Q5,40-Mile Air,625
QF,Qantas Airways Ltd.,1336
QX,Horizon Air,108372
RU,AirBridgeCargo Airlines Limited,1420
RV,Air Canada rouge LP,23
RVQ,"Reeve Air Alaska, LLC",208
S2,Star Marianas Air Inc.,25641
SEB,"Seaborne Virgin Islands, Inc.",10838
SNK,Spernak Airways Inc.,3997
SQ,Singapore Airlines Ltd.,285
SVW,"Global Jet Luxembourg, Sa",5
SY,Sun Country Airlines d/b/a MN Airlines,21367
TB,TUI Airlines Belgium N.V. d/b/a Jetairfly,47
TBQ,Triair Bermuda Flt Operations,3
TIQ,Tyrolean Jet Service,1
TP,TAP-TAP Air Portugal,3
U7,USA Jet Airlines Inc.,2816
UA,United Air Lines Inc.,581288
V8,Iliamna Air Taxi,5011
VA,Virgin Blue International Airlines t/a V Australia,1
VC,Via Airlines d/b/a Sterling Airways,5818
VI,Vieques Air Link Inc.,11903
VIQ,Volga-Dnepr Airlines,66
VJT,VistaJet Limited,7
VS,Virgin Atlantic Airways,10
VX,Virgin America,69975
WG,Sunwing Airlines Inc.,57
WI,Sky Lease Cargo,258
WL,"Caribbean Sun Airlines, Inc. d/b/a World Atlantic Airlines",1689
WN,Southwest Airlines Co.,1313964
WP,Island Air Hawaii,13532
WRD,Ward Air,128
WS,Westjet,1
WST,Friday Harbor Seaplanes,682
X4,Air Excursions LLC,2629
X9,Omni Air International LLC,615
XL,Lan Ecuador,2
XP,TEM Enterprises dba  Avelo Airlines,1636
Y4,Concesionaria Vuela Compania De Aviacion SA de CV (Volaris),1
YR,"Grand Canyon Airlines, Inc. d/b/a Grand Canyon Airlines d/b/a Scenic Airlines",22194
YV,Mesa Airlines Inc.,198689
YX,Republic Airline,284246
Z3,"Bidzy Ta Hot Aana, Inc. d/b/a Tanana Air Service",2266
Z3Q,"PM Air, LLC",3988
ZK,Great Lakes Airlines,9737
ZW,Air Wisconsin Airlines Corp,86333
All Rows,All Rows (including those not displayed),8848628
-,Unknown,172
02Q,Titan Airways,4
04Q,Tradewind Aviation,6308
09Q,"Swift Air, LLC d/b/a Eastern Air Lines d/b/a Eastern",4105
0BQ,DCA,14
0CQ,ACM AIR CHARTER GmbH,23
0Q,Flying Service N.V.,9
0WQ,Avjet Corporation,1294
13Q,Chartright Air Inc.,314
14Q,London Air Services Limited,835
15Q,Air Alsie A/S,46
17Q,Albinati Aeronautics SA,2
1BQ,"Eastern Airlines f/k/a Dynamic Airways, LLC",133
1EQ,"KaiserAir, Inc.",315
1HQ,International Jet Management GmbH,8
1PQ,Makani Kai Air Charters,1320
1QQ,City Wings Inc dba Seaflight,3250
1TQ,Rhoades Aviation dba Transair,4763
1UQ,Gainjet Aviation SA,14
1WQ,Ultimate JetCharters LLC dba Ultimate Air Shuttle,2898
1XQ,Dassault Falcon Service,3
1YQ,"Air Charter, Inc d/b/a Air Flamenco",3343
1ZQ,Comlux Aruba NV,3
22Q,Gem Air LLC,296
24Q,Jet Story,7
25Q,Mjet GmbH,3
26Q,Albinati aviation Limited,1
27Q,"Jet Aviation Flight Services, Inc.",3681
28Q,Menagerie Enterprises Inc d/b/a Monarch Air,0
2AQ,ABS JETS A.S,13
2E,Smokey Bay Air Inc.,12317
2F,Frontier Flying Service,53
2GQ,Cavok Air LLC,3
2HQ,Elite Airways LLC,1323
2JQ,Delux Public Charter LLC,6859
2LQ,Tropic Ocean Airways LLC,329
2O,Island Air Service,10068
2RQ,Luxaviation S A,2
2TQ,Trans Northern Airways d/b/a Air Unlimited Charter Services,43
2UQ,Svenskt Industriflyg AB,15
30Q,"Public Charters, Inc. d/b/a North Country Sky d/b/a Regional Sky d/b/a Texas Sky",73
34Q,"Polaris Aviation Solutions, LLC",16
36Q,Air Hamburg Luftverkehrsgesellschaft mbH,1
37Q,"Eastern Air Express, LLC (EAX)",45
3AQ,"Maritime Helicopters, Inc.",2668
3DQ,"Rectrix Aviation, Inc.",2286
3E,"Multi-Aero, Inc. d/b/a Air Choice One",14596
3F,"Pacific Airways, Inc.",6726
3M,Silver Airways,20215
4B,Boutique Air,33757
4W,Warbelow,7671
5D,Aerolitoral,14
5V,Tatonduk Outfitters Limited d/b/a Everts Air Alaska and Everts Air Cargo,6039
5X,United Parcel Service,120670
5Y,Atlas Air Inc.,24709
7H,NEW PACIFIC AIRLINES,21303
7S,Ryan Air f/k/a Arctic Transportation,15584
8C,Air Transport International,13472
8E,Bering Air Inc.,31328
8V,Wright Air Service,15457
9E,Endeavor Air Inc.,240322
9K,"Hyannis Air Service, Inc. dba Cape Air",96293
9S,Southern Air Inc.,3478
9X,"Southern Airways Express, dba Mokulele Airlines",29557
AA,American Airlines Inc.,904987
AAT,Air Sunshine Inc.,886
ABX,ABX Air Inc,11281
AC,Air Canada,221
ADB,Antonov Company,61
AF,Compagnie Natl Air France,4
AJQ,Aerodynamics Inc. d/b/a SkyValue d/b/a SkyValue Airways,2756
AM,Aeromexico,26
AMQ,Ameristar Air Cargo,964
AN,"ADVANCED AIR, LLC",2303
AS,Alaska Airlines Inc.,251181
AX,Trans States Airlines,80817
AY,Finnair Oy,3
B6,JetBlue Airways,299723
BA,British Airways Plc,34
BCQ,Bradley Air Services Ltd.,1
BR,Eva Airways Corporation,1358
C5,CommuteAir LLC dba CommuteAir,45903
CA,Air China,702
CC,Air Atlanta Icelandic,14
CH,Bemidji Airlines,580
CI,China Airlines Ltd.,3099
CK,China Cargo Airline,866
CP (2),Compass Airlines,96537
CRV,Acropolis Aviation Ltd.,2
CX,Cathay Pacific Airways Ltd.,4077
D8,Norwegian Air International Ltd.,2
DE,Condor Flugdienst,15
DI,Norwegian Air UK Limited,6
DL,Delta Air Lines Inc.,953511
DY,Norwegian Air Shuttle ASA,13
ELL,Ellis Air Taxi Inc.,420
EM,Empire Airlines Inc.,27412
EV,ExpressJet Airlines LLC d/b/a aha!,200572
EY,Etihad Airways,1
F9,Frontier Airlines Inc.,117666
FP,TAG Aviation S.A.,1
FX,Federal Express Corporation,271550
FYQ,Flying Group Lux S.A.,3
G3,VRG Linhas Aereas S A,5
G4,Allegiant Air,96891
G7,GoJet Airlines LLC d/b/a United Express,88080
GCH,Grand Canyon Helicopters,240
GCQ,Glock Aviation GmbH,7
GFQ,Gulf And Caribbean Cargo,1316
GL,Miami Air International,1590
GV,Grant Aviation,48019
H6,Hageland Aviation Service,97944
HA,Hawaiian Airlines Inc.,84011
HBQ,Harris Air Services,3423
I4,Scott Air LLC dba Island Air Express,5603
IB,Iberia Air Lines Of Spain,2
J5,Kalinin Aviation LLC d/b/a Alaska Seaplanes,21276
JJ,TAM Linhas Aereas SA dba Latam Airlines Brasil,6
JN,"J&M Alaska Air Tours, Inc. d/b/a Alaska Air Transit",224
K2,"Paklook Air, Inc d/b/a/ Airlift Alaska d/b/a/ Yute Commuter Service",19389
K3,Venture Travel LLC d/b/a Taquan Air Service,8841
KAH,Kenmore Air Harbor,12389
KAQ,Kalitta Air LLC,6274
KAT,Katmai Air,3365
KD,Western Global,3617
KE,Korean Air Lines Co. Ltd.,3259
KFQ,Skyfirst Limited,1
KG,Key Lime Air Corp dba Denver Air Connection,2539
KH,Aloha Air Cargo,8179
KL,Klm Royal Dutch Airlines,3
KLQ,Kalitta Charters II,3652
KO,Alaska Central Express,13227
KS,Peninsula Airways Inc.,8684
KV,Sky Regional Airlines Inc.,45
KX,Cayman Airways Limited,5
KZ,Nippon Cargo Airlines,1271
L2,Lynden Air Cargo Airlines,2398
LA,LATAM Airlines Group SA dba Lan Airlines,2
LF,CFM Inc d/b/a Contour Airlines d/b/a One Jet Shuttle,12207
LH,Lufthansa German Airlines,306
LP,Lan Peru Airlines,6
LXQ,Luxaviation Germany GmbH,50
M3,ABSA-Aerolinhas Brasileiras,1
M6,Amerijet International,1316
MP,Martinair Holland N.V.,1
MQ,Envoy Air,286506
MW,"Mokulele Flight Services, Inc.",42226
N8,National Air Cargo Group Inc d/ba National Airlines,202
NC,Northern Air Cargo Inc.,5393
NEW,New England Airlines Inc.,7996
NK,Spirit Air Lines,174745
NLQ,Nolinor Aviation,1
O6,Oceanair Linhas Aereas S A,2
OH,PSA Airlines Inc.,267196
OJ,Fly Jamaica Airways Limited,2
OO,SkyWest Airlines Inc.,771279
OZ,Asiana Airlines Inc.,3477
P3,Cargologicair Limited,34
PBQ,Privatair,2
PEQ,SkyLink Express Inc.,1
PF,Primera Air Scandinavia,1
PFQ,Asia Pacific,361
PH,Polynesian Airlines Ltd.,492
PO,Polar Air Cargo Airways,2094
PR,Philippine Airlines Inc.,17
PT,Piedmont Airlines,91801
Q5,40-Mile Air,639
QF,Qantas Airways Ltd.,1354
QX,Horizon Air,111936
RJ,Alia-(The) Royal Jordanian,1
RU,AirBridgeCargo Airlines Limited,1110
RV,Air Canada rouge LP,28
RVQ,"Reeve Air Alaska, LLC",206
S2,Star Marianas Air Inc.,27619
SE,XL Airways France,1
SEB,"Seaborne Virgin Islands, Inc.",8510
SK,Scandinavian Airlines Sys.,4
SNK,Spernak Airways Inc.,4101
SQ,Singapore Airlines Ltd.,278
SVW,"Global Jet Luxembourg, Sa",15
SY,Sun Country Airlines d/b/a MN Airlines,20836
TP,TAP-TAP Air Portugal,3
U7,USA Jet Airlines Inc.,2802
UA,United Air Lines Inc.,619991
UX,Air Europa,2
V8,Iliamna Air Taxi,5498
VB,"Aeroenlaces Nacionales, S.A. de C.V. d/b/a VivaAerobus",4
VC,Via Airlines d/b/a Sterling Airways,4773
VI,Vieques Air Link Inc.,14626
VIQ,Volga-Dnepr Airlines,66
VJT,VistaJet Limited,4
VS,Virgin Atlantic Airways,9
VX,Virgin America,17267
WG,Sunwing Airlines Inc.,65
WI,Sky Lease Cargo,343
WL,"Caribbean Sun Airlines, Inc. d/b/a World Atlantic Airlines",1503
WN,Southwest Airlines Co.,1337001
WRD,Ward Air,96
WS,Westjet,1
WST,Friday Harbor Seaplanes,934
X4,Air Excursions LLC,2433
X9,Omni Air International LLC,649
XL,Lan Ecuador,2
XP,TEM Enterprises dba  Avelo Airlines,650
YR,"Grand Canyon Airlines, Inc. d/b/a Grand Canyon Airlines d/b/a Scenic Airlines",20269
YV,Mesa Airlines Inc.,210029
YX,Republic Airline,307262
Z3,"Bidzy Ta Hot Aana, Inc. d/b/a Tanana Air Service",4189
Z3Q,"PM Air, LLC",3520
ZK,Great Lakes Airlines,1244
ZW,Air Wisconsin Airlines Corp,98278
All Rows,All Rows (including those not displayed),9093670
02Q,Titan Airways,3
04Q,Tradewind Aviation,5228
09Q,"Swift Air, LLC d/b/a Eastern Air Lines d/b/a Eastern",1770
0BQ,DCA,2
0CQ,ACM AIR CHARTER GmbH,45
0Q,Flying Service N.V.,8
0UQ,"Comlux Malta, Ltd.",11
0WQ,Avjet Corporation,300
13Q,Chartright Air Inc.,253
14Q,London Air Services Limited,8733
15Q,Air Alsie A/S,56
17Q,Albinati Aeronautics SA,2
1BQ,"Eastern Airlines f/k/a Dynamic Airways, LLC",43
1EQ,"KaiserAir, Inc.",190
1HQ,International Jet Management GmbH,7
1LQ,Bertelsmann Aviation GmbH,3
1QQ,City Wings Inc dba Seaflight,3390
1TQ,Rhoades Aviation dba Transair,5231
1UQ,Gainjet Aviation SA,13
1WQ,Ultimate JetCharters LLC dba Ultimate Air Shuttle,3305
1YQ,"Air Charter, Inc d/b/a Air Flamenco",5683
1ZQ,Comlux Aruba NV,14
22Q,Gem Air LLC,285
24Q,Jet Story,2
26Q,Albinati aviation Limited,1
27Q,"Jet Aviation Flight Services, Inc.",3524
2AQ,ABS JETS A.S,16
2E,Smokey Bay Air Inc.,11274
2GQ,Cavok Air LLC,2
2HQ,Elite Airways LLC,799
2JQ,Delux Public Charter LLC,19790
2LQ,Tropic Ocean Airways LLC,632
2O,Island Air Service,10309
2UQ,Svenskt Industriflyg AB,10
34Q,"Polaris Aviation Solutions, LLC",1
36Q,Air Hamburg Luftverkehrsgesellschaft mbH,7
37Q,"Eastern Air Express, LLC (EAX)",7
3AQ,"Maritime Helicopters, Inc.",3182
3BQ,"Nealco Air Charter Services, Inc.  d/b/a  Watermakers Air",63
3DQ,"Rectrix Aviation, Inc.",3962
3E,"Multi-Aero, Inc. d/b/a Air Choice One",14005
3EQ,"Scott Aviation, LLC  d/b/a  Silver Air",1335
3F,"Pacific Airways, Inc.",4980
3M,Silver Airways,16477
3S,AeroLogic GmbH,64
4B,Boutique Air,35805
4W,Warbelow,5244
5D,Aerolitoral,18
5V,Tatonduk Outfitters Limited d/b/a Everts Air Alaska and Everts Air Cargo,6131
5X,United Parcel Service,130168
5Y,Atlas Air Inc.,27186
7H,NEW PACIFIC AIRLINES,19797
7S,Ryan Air f/k/a Arctic Transportation,16438
8C,Air Transport International,17075
8E,Bering Air Inc.,31870
8V,Wright Air Service,16459
9E,Endeavor Air Inc.,253575
9K,"Hyannis Air Service, Inc. dba Cape Air",95465
9S,Southern Air Inc.,4830
9X,"Southern Airways Express, dba Mokulele Airlines",28510
AA,American Airlines Inc.,929552
AAT,Air Sunshine Inc.,1584
ABX,ABX Air Inc,11394
AC,Air Canada,194
AD,Azul Linhas Aereas Brazileiras S A,2
ADB,Antonov Company,28
AF,Compagnie Natl Air France,18
AM,Aeromexico,21
AMQ,Ameristar Air Cargo,741
AN,"ADVANCED AIR, LLC",6974
AS,Alaska Airlines Inc.,269815
AX,Trans States Airlines,73613
B6,JetBlue Airways,294669
BA,British Airways Plc,15
BCQ,Bradley Air Services Ltd.,3
BR,Eva Airways Corporation,1333
C5,CommuteAir LLC dba CommuteAir,55294
CA,Air China,601
CC,Air Atlanta Icelandic,5
CH,Bemidji Airlines,444
CI,China Airlines Ltd.,3210
CK,China Cargo Airline,790
CP (2),Compass Airlines,93667
CRV,Acropolis Aviation Ltd.,5
CX,Cathay Pacific Airways Ltd.,3990
D8,Norwegian Air International Ltd.,1
DE,Condor Flugdienst,16
DI,Norwegian Air UK Limited,6
DL,Delta Air Lines Inc.,998194
DY,Norwegian Air Shuttle ASA,16
EAU,Elitavia Malta Limited,3
ELL,Ellis Air Taxi Inc.,376
EM,Empire Airlines Inc.,30392
EV,ExpressJet Airlines LLC d/b/a aha!,130958
EY,Etihad Airways,1
F9,Frontier Airlines Inc.,133463
FX,Federal Express Corporation,269919
FYQ,Flying Group Lux S.A.,5
G3,VRG Linhas Aereas S A,25
G4,Allegiant Air,105740
G7,GoJet Airlines LLC d/b/a United Express,77756
GCH,Grand Canyon Helicopters,376
GCQ,Glock Aviation GmbH,3
GEQ,"Gestair, S.A.",28
GFQ,Gulf And Caribbean Cargo,1568
GL,Miami Air International,1439
GV,Grant Aviation,53537
H6,Hageland Aviation Service,95147
HA,Hawaiian Airlines Inc.,83843
HBQ,Harris Air Services,2307
I4,Scott Air LLC dba Island Air Express,4301
IB,Iberia Air Lines Of Spain,2
IFQ,FAI rent-a-jet AG,12
J5,Kalinin Aviation LLC d/b/a Alaska Seaplanes,21532
JJ,TAM Linhas Aereas SA dba Latam Airlines Brasil,5
JL,Japan Air Lines Co. Ltd.,1
JN,"J&M Alaska Air Tours, Inc. d/b/a Alaska Air Transit",237
K2,"Paklook Air, Inc d/b/a/ Airlift Alaska d/b/a/ Yute Commuter Service",19558
K3,Venture Travel LLC d/b/a Taquan Air Service,6519
KAH,Kenmore Air Harbor,11974
KAQ,Kalitta Air LLC,8781
KAT,Katmai Air,3294
KD,Western Global,2807
KE,Korean Air Lines Co. Ltd.,2942
KFQ,Skyfirst Limited,4
KG,Key Lime Air Corp dba Denver Air Connection,3592
KH,Aloha Air Cargo,8512
KL,Klm Royal Dutch Airlines,6
KLQ,Kalitta Charters II,3730
KO,Alaska Central Express,12315
KS,Peninsula Airways Inc.,5560
KV,Sky Regional Airlines Inc.,24
KX,Cayman Airways Limited,5
KZ,Nippon Cargo Airlines,1372
L2,Lynden Air Cargo Airlines,2877
L7,Lan Colombia,42
LA,LATAM Airlines Group SA dba Lan Airlines,71
LDM,Laudamotion GmbH,1
LF,CFM Inc d/b/a Contour Airlines d/b/a One Jet Shuttle,13786
LH,Lufthansa German Airlines,245
LP,Lan Peru Airlines,3
LXQ,Luxaviation Germany GmbH,33
M6,Amerijet International,1928
MQ,Envoy Air,316625
MW,"Mokulele Flight Services, Inc.",21378
N8,National Air Cargo Group Inc d/ba National Airlines,151
NC,Northern Air Cargo Inc.,4898
NEW,New England Airlines Inc.,8242
NK,Spirit Air Lines,202502
NLQ,Nolinor Aviation,3
O6,Oceanair Linhas Aereas S A,1
OH,PSA Airlines Inc.,283128
OO,SkyWest Airlines Inc.,828620
OZ,Asiana Airlines Inc.,2912
P3,Cargologicair Limited,7
PFQ,Asia Pacific,333
PH,Polynesian Airlines Ltd.,566
PM,"Prescott Support Company, Inc.",16
PO,Polar Air Cargo Airways,3436
PP,Jet Aviation Business Jets AG,4
PR,Philippine Airlines Inc.,7
PT,Piedmont Airlines,118574
Q5,40-Mile Air,618
QF,Qantas Airways Ltd.,1358
QX,Horizon Air,119817
RU,AirBridgeCargo Airlines Limited,1271
RV,Air Canada rouge LP,22
RVQ,"Reeve Air Alaska, LLC",208
S2,Star Marianas Air Inc.,30373
SE,XL Airways France,1
SEB,"Seaborne Virgin Islands, Inc.",8336
SK,Scandinavian Airlines Sys.,4
SNK,Spernak Airways Inc.,3015
SQ,Singapore Airlines Ltd.,182
SVW,"Global Jet Luxembourg, Sa",5
SY,Sun Country Airlines d/b/a MN Airlines,27279
TK,Turk Hava Yollari A.O.,18
TP,TAP-TAP Air Portugal,8
U7,USA Jet Airlines Inc.,2245
UA,United Air Lines Inc.,623862
V8,Iliamna Air Taxi,5604
VB,"Aeroenlaces Nacionales, S.A. de C.V. d/b/a VivaAerobus",1
VC,Via Airlines d/b/a Sterling Airways,568
VI,Vieques Air Link Inc.,16934
VIQ,Volga-Dnepr Airlines,21
VJT,VistaJet Limited,9
VS,Virgin Atlantic Airways,13
W8,Cargojet Airways Ltd.,2
WG,Sunwing Airlines Inc.,75
WGT,Volkswagen AirSevice GmbH dba Volkswagon,1
WI,Sky Lease Cargo,322
WL,"Caribbean Sun Airlines, Inc. d/b/a World Atlantic Airlines",1208
WN,Southwest Airlines Co.,1333214
WST,Friday Harbor Seaplanes,940
X4,Air Excursions LLC,2518
X9,Omni Air International LLC,577
XL,Lan Ecuador,1
XP,TEM Enterprises dba  Avelo Airlines,14
YR,"Grand Canyon Airlines, Inc. d/b/a Grand Canyon Airlines d/b/a Scenic Airlines",17385
YV,Mesa Airlines Inc.,221691
YX,Republic Airline,321379
Z3,"Bidzy Ta Hot Aana, Inc. d/b/a Tanana Air Service",4062
Z3Q,"PM Air, LLC",3574
ZW,Air Wisconsin Airlines Corp,103036
All Rows,All Rows (including those not displayed),9325914
02Q,Titan Airways,1
04Q,Tradewind Aviation,4118
09Q,"Swift Air, LLC d/b/a Eastern Air Lines d/b/a Eastern",8498
0Q,Flying Service N.V.,3
0UQ,"Comlux Malta, Ltd.",7
13Q,Chartright Air Inc.,120
14Q,London Air Services Limited,52
15Q,Air Alsie A/S,31
1BQ,"Eastern Airlines f/k/a Dynamic Airways, LLC",19
1EQ,"KaiserAir, Inc.",265
1HQ,International Jet Management GmbH,3
1QQ,City Wings Inc dba Seaflight,1206
1TQ,Rhoades Aviation dba Transair,6405
1UQ,Gainjet Aviation SA,3
1WQ,Ultimate JetCharters LLC dba Ultimate Air Shuttle,1271
1YQ,"Air Charter, Inc d/b/a Air Flamenco",4519
1ZQ,Comlux Aruba NV,11
22Q,Gem Air LLC,194
24Q,Jet Story,8
25Q,Mjet GmbH,2
27Q,"Jet Aviation Flight Services, Inc.",1244
2AQ,ABS JETS A.S,3
2E,Smokey Bay Air Inc.,6605
2GQ,Cavok Air LLC,34
2HQ,Elite Airways LLC,225
2JQ,Delux Public Charter LLC,11939
2KQ,Longtail Aviation Ltd.,26
2LQ,Tropic Ocean Airways LLC,587
2O,Island Air Service,11165
2UQ,Svenskt Industriflyg AB,8
36Q,Air Hamburg Luftverkehrsgesellschaft mbH,8
3AQ,"Maritime Helicopters, Inc.",2631
3E,"Multi-Aero, Inc. d/b/a Air Choice One",12309
3EQ,"Scott Aviation, LLC  d/b/a  Silver Air",1302
3F,"Pacific Airways, Inc.",70
3M,Silver Airways,8575
3S,AeroLogic GmbH,133
4B,Boutique Air,30350
4W,Warbelow,3455
5D,Aerolitoral,1
5V,Tatonduk Outfitters Limited d/b/a Everts Air Alaska and Everts Air Cargo,7685
5X,United Parcel Service,153800
5Y,Atlas Air Inc.,25970
6R,Aerounion Aerotransporte de Carga Union SA de CV,6
7H,NEW PACIFIC AIRLINES,3557
7S,Ryan Air f/k/a Arctic Transportation,23721
8C,Air Transport International,21280
8E,Bering Air Inc.,30314
8V,Wright Air Service,17981
9E,Endeavor Air Inc.,204750
9K,"Hyannis Air Service, Inc. dba Cape Air",79295
9S,Southern Air Inc.,7854
9X,"Southern Airways Express, dba Mokulele Airlines",36374
AA,American Airlines Inc.,536776
AAT,Air Sunshine Inc.,394
ABX,ABX Air Inc,13047
AC,Air Canada,109
ADB,Antonov Company,41
AF,Compagnie Natl Air France,5
AM,Aeromexico,7
AMQ,Ameristar Air Cargo,767
AN,"ADVANCED AIR, LLC",5992
AOQ,Avcon Jet AG,2
AS,Alaska Airlines Inc.,141002
AX,Trans States Airlines,17300
B6,JetBlue Airways,136674
BA,British Airways Plc,5
BR,Eva Airways Corporation,1152
C5,CommuteAir LLC dba CommuteAir,31625
CA,Air China,588
CC,Air Atlanta Icelandic,4
CH,Bemidji Airlines,471
CI,China Airlines Ltd.,3576
CK,China Cargo Airline,642
CP (2),Compass Airlines,14706
CRV,Acropolis Aviation Ltd.,2
CX,Cathay Pacific Airways Ltd.,4016
DL,Delta Air Lines Inc.,557088
DY,Norwegian Air Shuttle ASA,1
E9,Evelop Airlines SL,2
EAU,Elitavia Malta Limited,43
EB,WAMOS AIR SA,2
ELL,Ellis Air Taxi Inc.,380
EM,Empire Airlines Inc.,28267
EV,ExpressJet Airlines LLC d/b/a aha!,49114
F9,Frontier Airlines Inc.,86512
FX,Federal Express Corporation,271505
FYQ,Flying Group Lux S.A.,2
G3,VRG Linhas Aereas S A,1
G4,Allegiant Air,85139
G7,GoJet Airlines LLC d/b/a United Express,36721
GCH,Grand Canyon Helicopters,178
GEQ,"Gestair, S.A.",7
GFQ,Gulf And Caribbean Cargo,1695
GL,Miami Air International,430
GV,Grant Aviation,53182
H6,Hageland Aviation Service,13785
HA,Hawaiian Airlines Inc.,38641
HYP,Hyperion Aviation Ltd. dba Hyperion,5
I4,Scott Air LLC dba Island Air Express,3240
IFQ,FAI rent-a-jet AG,6
J5,Kalinin Aviation LLC d/b/a Alaska Seaplanes,12331
JCO,Concierge U Ltd. d/b/a Jet Concierge Club,6
JJ,TAM Linhas Aereas SA dba Latam Airlines Brasil,8
JN,"J&M Alaska Air Tours, Inc. d/b/a Alaska Air Transit",1326
K2,"Paklook Air, Inc d/b/a/ Airlift Alaska d/b/a/ Yute Commuter Service",17630
K3,Venture Travel LLC d/b/a Taquan Air Service,4854
KAH,Kenmore Air Harbor,5747
KAQ,Kalitta Air LLC,10463
KAT,Katmai Air,919
KD,Western Global,2376
KE,Korean Air Lines Co. Ltd.,3493
KG,Key Lime Air Corp dba Denver Air Connection,3510
KH,Aloha Air Cargo,7806
KL,Klm Royal Dutch Airlines,1
KLQ,Kalitta Charters II,4822
KO,Alaska Central Express,15525
KS,Peninsula Airways Inc.,994
KV,Sky Regional Airlines Inc.,6
KZ,Nippon Cargo Airlines,1540
L2,Lynden Air Cargo Airlines,3139
L7,Lan Colombia,13
LA,LATAM Airlines Group SA dba Lan Airlines,57
LDQ,Sparfell Luftfahrt GmbH,4
LF,CFM Inc d/b/a Contour Airlines d/b/a One Jet Shuttle,11268
LH,Lufthansa German Airlines,54
LO,Polskie Linie Lotnicze,3
LP,Lan Peru Airlines,7
LX,Swiss International Airlines,1
LXQ,Luxaviation Germany GmbH,21
LY,El Al Israel Airlines Ltd.,7
M3,ABSA-Aerolinhas Brasileiras,3
M6,Amerijet International,2943
MQ,Envoy Air,200595
MW,"Mokulele Flight Services, Inc.",492
N8,National Air Cargo Group Inc d/ba National Airlines,484
NC,Northern Air Cargo Inc.,4920
NEW,New England Airlines Inc.,6510
NK,Spirit Air Lines,132401
OH,PSA Airlines Inc.,185166
OO,SkyWest Airlines Inc.,578574
OZ,Asiana Airlines Inc.,3500
PAF,Pathfinder Aviation,50
PFQ,Asia Pacific,504
PH,Polynesian Airlines Ltd.,529
PM,"Prescott Support Company, Inc.",41
PO,Polar Air Cargo Airways,3366
PR,Philippine Airlines Inc.,7
PT,Piedmont Airlines,66995
Q5,40-Mile Air,939
QF,Qantas Airways Ltd.,809
QX,Horizon Air,91867
RU,AirBridgeCargo Airlines Limited,137
RV,Air Canada rouge LP,4
RVQ,"Reeve Air Alaska, LLC",220
S2,Star Marianas Air Inc.,17067
SEB,"Seaborne Virgin Islands, Inc.",4600
SNK,Spernak Airways Inc.,2847
SQ,Singapore Airlines Ltd.,231
SVW,"Global Jet Luxembourg, Sa",2
SY,Sun Country Airlines d/b/a MN Airlines,21071
TK,Turk Hava Yollari A.O.,171
U7,USA Jet Airlines Inc.,2243
UA,United Air Lines Inc.,288494
V8,Iliamna Air Taxi,3732
VB,"Aeroenlaces Nacionales, S.A. de C.V. d/b/a VivaAerobus",16
VH,Fast Colombia SAS d/b/a Viva Colombia,1
VI,Vieques Air Link Inc.,12774
VIQ,Volga-Dnepr Airlines,10
VJT,VistaJet Limited,4
WG,Sunwing Airlines Inc.,14
WGT,Volkswagen AirSevice GmbH dba Volkswagon,5
WI,Sky Lease Cargo,395
WL,"Caribbean Sun Airlines, Inc. d/b/a World Atlantic Airlines",81
WN,Southwest Airlines Co.,928109
WST,Friday Harbor Seaplanes,578
X4,Air Excursions LLC,1001
X7,Challenge Airlines (BE) S.A.,7
X9,Omni Air International LLC,329
XP,TEM Enterprises dba  Avelo Airlines,24
YR,"Grand Canyon Airlines, Inc. d/b/a Grand Canyon Airlines d/b/a Scenic Airlines",3720
YV,Mesa Airlines Inc.,128536
YX,Republic Airline,209650
Z3,"Bidzy Ta Hot Aana, Inc. d/b/a Tanana Air Service",3782
Z3Q,"PM Air, LLC",3208
ZW,Air Wisconsin Airlines Corp,50443
All Rows,All Rows (including those not displayed),5936974
02Q,Titan Airways,1
04Q,Tradewind Aviation,5222
09Q,"Swift Air, LLC d/b/a Eastern Air Lines d/b/a Eastern",16673
0BQ,DCA,8
0CQ,ACM AIR CHARTER GmbH,47
0Q,Flying Service N.V.,3
0UQ,"Comlux Malta, Ltd.",6
10Q,Swiss Air Ambulance,1
13Q,Chartright Air Inc.,385
14Q,London Air Services Limited,92
15Q,Air Alsie A/S,39
1BQ,"Eastern Airlines f/k/a Dynamic Airways, LLC",43
1EQ,"KaiserAir, Inc.",280
1HQ,International Jet Management GmbH,7
1QQ,City Wings Inc dba Seaflight,1692
1TQ,Rhoades Aviation dba Transair,3367
1UQ,Gainjet Aviation SA,48
1WQ,Ultimate JetCharters LLC dba Ultimate Air Shuttle,1704
1YQ,"Air Charter, Inc d/b/a Air Flamenco",6546
1ZQ,Comlux Aruba NV,18
22Q,Gem Air LLC,158
24Q,Jet Story,8
25Q,Mjet GmbH,1
27Q,"Jet Aviation Flight Services, Inc.",2189
2AQ,ABS JETS A.S,3
2E,Smokey Bay Air Inc.,8113
2GQ,Cavok Air LLC,116
2HQ,Elite Airways LLC,1005
2JQ,Delux Public Charter LLC,19989
2KQ,Longtail Aviation Ltd.,73
2LQ,Tropic Ocean Airways LLC,968
2O,Island Air Service,12846
2UQ,Svenskt Industriflyg AB,2
30Q,"Public Charters, Inc. d/b/a North Country Sky d/b/a Regional Sky d/b/a Texas Sky",12
34Q,"Polaris Aviation Solutions, LLC",3
36Q,Air Hamburg Luftverkehrsgesellschaft mbH,25
3AQ,"Maritime Helicopters, Inc.",3314
3E,"Multi-Aero, Inc. d/b/a Air Choice One",5668
3EQ,"Scott Aviation, LLC  d/b/a  Silver Air",1913
3FQ,"Western Air Charter, Inc.  d/b/a  Jet Edge",10599
3KQ,"Junipogo, LLC",87
3M,Silver Airways,12581
3S,AeroLogic GmbH,166
4B,Boutique Air,22652
4W,Warbelow,5024
5D,Aerolitoral,1
5V,Tatonduk Outfitters Limited d/b/a Everts Air Alaska and Everts Air Cargo,9124
5X,United Parcel Service,161146
5Y,Atlas Air Inc.,22765
7H,NEW PACIFIC AIRLINES,11876
7S,Ryan Air f/k/a Arctic Transportation,25730
8C,Air Transport International,25986
8E,Bering Air Inc.,38397
8V,Wright Air Service,22368
9E,Endeavor Air Inc.,266436
9K,"Hyannis Air Service, Inc. dba Cape Air",94073
9S,Southern Air Inc.,7434
9X,"Southern Airways Express, dba Mokulele Airlines",62418
AA,American Airlines Inc.,722393
ABX,ABX Air Inc,12024
AC,Air Canada,178
AD,Azul Linhas Aereas Brazileiras S A,3
ADB,Antonov Company,50
AF,Compagnie Natl Air France,8
AM,Aeromexico,15
AMQ,Ameristar Air Cargo,821
AN,"ADVANCED AIR, LLC",7125
AOQ,Avcon Jet AG,12
AS,Alaska Airlines Inc.,194140
AZ,Italia Transporto Aereo S.P.A DBA ITA S.P.A,1
B6,JetBlue Airways,200727
BA,British Airways Plc,2
BAS,Baranautica Air Service LLC,135
BR,Eva Airways Corporation,656
C5,CommuteAir LLC dba CommuteAir,75106
CA,Air China,388
CC,Air Atlanta Icelandic,87
CH,Bemidji Airlines,431
CI,China Airlines Ltd.,3704
CK,China Cargo Airline,624
CX,Cathay Pacific Airways Ltd.,3555
DE,Condor Flugdienst,1
DL,Delta Air Lines Inc.,752775
EB,WAMOS AIR SA,4
ELL,Ellis Air Taxi Inc.,380
EM,Empire Airlines Inc.,19522
EV,ExpressJet Airlines LLC d/b/a aha!,404
EY,Etihad Airways,2
F9,Frontier Airlines Inc.,135367
FX,Federal Express Corporation,281821
G3,VRG Linhas Aereas S A,2
G4,Allegiant Air,112977
G7,GoJet Airlines LLC d/b/a United Express,58149
GCA,"Global Crossing Airlines, Inc.",353
GCH,Grand Canyon Helicopters,312
GEQ,"Gestair, S.A.",9
GFQ,Gulf And Caribbean Cargo,2056
GV,Grant Aviation,60690
HA,Hawaiian Airlines Inc.,60536
HAQ,Hamilton Jetport Limited,18
HYP,Hyperion Aviation Ltd. dba Hyperion,1
I4,Scott Air LLC dba Island Air Express,4163
IB,Iberia Air Lines Of Spain,1
IFQ,FAI rent-a-jet AG,4
IGA,"Global Jet Austria, GmbH",1
J5,Kalinin Aviation LLC d/b/a Alaska Seaplanes,18305
JCO,Concierge U Ltd. d/b/a Jet Concierge Club,14
JJ,TAM Linhas Aereas SA dba Latam Airlines Brasil,18
JN,"J&M Alaska Air Tours, Inc. d/b/a Alaska Air Transit",1569
K2,"Paklook Air, Inc d/b/a/ Airlift Alaska d/b/a/ Yute Commuter Service",26774
K3,Venture Travel LLC d/b/a Taquan Air Service,4238
KAH,Kenmore Air Harbor,14934
KAQ,Kalitta Air LLC,10817
KAT,Katmai Air,1947
KD,Western Global,3140
KE,Korean Air Lines Co. Ltd.,3769
KG,Key Lime Air Corp dba Denver Air Connection,6150
KH,Aloha Air Cargo,9965
KL,Klm Royal Dutch Airlines,3
KLQ,Kalitta Charters II,4953
KO,Alaska Central Express,18186
KV,Sky Regional Airlines Inc.,1
KZ,Nippon Cargo Airlines,1507
L2,Lynden Air Cargo Airlines,3154
L7,Lan Colombia,8
LA,LATAM Airlines Group SA dba Lan Airlines,15
LDQ,Sparfell Luftfahrt GmbH,3
LF,CFM Inc d/b/a Contour Airlines d/b/a One Jet Shuttle,14296
LH,Lufthansa German Airlines,95
LX,Swiss International Airlines,4
LXQ,Luxaviation Germany GmbH,5
LY,El Al Israel Airlines Ltd.,20
M3,ABSA-Aerolinhas Brasileiras,1
M6,Amerijet International,5604
MQ,Envoy Air,250728
MX,Breeze Aviation Group DBA  Breeze,5278
N8,National Air Cargo Group Inc d/ba National Airlines,862
NC,Northern Air Cargo Inc.,5640
NEW,New England Airlines Inc.,8058
NIQ,AVCON JET MALTA LTD,6
NK,Spirit Air Lines,186714
NLQ,Nolinor Aviation,7
OH,PSA Airlines Inc.,220789
OO,SkyWest Airlines Inc.,747975
OZ,Asiana Airlines Inc.,3916
PAF,Pathfinder Aviation,105
PFQ,Asia Pacific,1175
PH,Polynesian Airlines Ltd.,796
PM,"Prescott Support Company, Inc.",7
PO,Polar Air Cargo Airways,3944
PR,Philippine Airlines Inc.,8
PT,Piedmont Airlines,98241
Q5,40-Mile Air,934
QF,Qantas Airways Ltd.,577
QK,Jazz Aviation LP,2
QX,Horizon Air,109718
RU,AirBridgeCargo Airlines Limited,56
RVQ,"Reeve Air Alaska, LLC",644
S2,Star Marianas Air Inc.,24177
SEB,"Seaborne Virgin Islands, Inc.",4204
SNK,Spernak Airways Inc.,2872
SQ,Singapore Airlines Ltd.,257
SVW,"Global Jet Luxembourg, Sa",11
SY,Sun Country Airlines d/b/a MN Airlines,34197
TK,Turk Hava Yollari A.O.,210
TP,TAP-TAP Air Portugal,5
TQ,"Tailwind Air, LLC",243
U7,USA Jet Airlines Inc.,2988
UA,United Air Lines Inc.,443758
V8,Iliamna Air Taxi,3487
VB,"Aeroenlaces Nacionales, S.A. de C.V. d/b/a VivaAerobus",8
VI,Vieques Air Link Inc.,11925
VIQ,Volga-Dnepr Airlines,8
VJT,VistaJet Limited,2
VS,Virgin Atlantic Airways,8
W8,Cargojet Airways Ltd.,20
WGT,Volkswagen AirSevice GmbH dba Volkswagon,21
WI,Sky Lease Cargo,405
WL,"Caribbean Sun Airlines, Inc. d/b/a World Atlantic Airlines",142
WN,Southwest Airlines Co.,1043850
WST,Friday Harbor Seaplanes,1476
X4,Air Excursions LLC,1984
X7,Challenge Airlines (BE) S.A.,2
X9,Omni Air International LLC,412
XP,TEM Enterprises dba  Avelo Airlines,3134
YR,"Grand Canyon Airlines, Inc. d/b/a Grand Canyon Airlines d/b/a Scenic Airlines",5411
YV,Mesa Airlines Inc.,156853
YX,Republic Airline,327667
Z3,"Bidzy Ta Hot Aana, Inc. d/b/a Tanana Air Service",4496
Z3Q,"PM Air, LLC",4723
ZPQ,"Silk Way Airlines, LLC",1
ZW,Air Wisconsin Airlines Corp,86241
All Rows,All Rows (including those not displayed),7564057
-,Unknown,750
02Q,Titan Airways,11
04Q,Tradewind Aviation,5951
09Q,"Swift Air, LLC d/b/a Eastern Air Lines d/b/a Eastern",13603
0BQ,DCA,20
0CQ,ACM AIR CHARTER GmbH,48
0Q,Flying Service N.V.,12
0UQ,"Comlux Malta, Ltd.",4
10Q,Swiss Air Ambulance,2
13Q,Chartright Air Inc.,429
14Q,London Air Services Limited,150
15Q,Air Alsie A/S,77
17Q,Albinati Aeronautics SA,1
1BQ,"Eastern Airlines f/k/a Dynamic Airways, LLC",122
1EQ,"KaiserAir, Inc.",324
1HQ,International Jet Management GmbH,26
1QQ,City Wings Inc dba Seaflight,2726
1UQ,Gainjet Aviation SA,34
1WQ,Ultimate JetCharters LLC dba Ultimate Air Shuttle,95
1XQ,Dassault Falcon Service,6
1YQ,"Air Charter, Inc d/b/a Air Flamenco",6573
1ZQ,Comlux Aruba NV,12
24Q,Jet Story,13
25Q,Mjet GmbH,9
26Q,Albinati aviation Limited,2
27Q,"Jet Aviation Flight Services, Inc.",1355
2AQ,ABS JETS A.S,17
2E,Smokey Bay Air Inc.,8684
2GQ,Cavok Air LLC,14
2HQ,Elite Airways LLC,175
2JQ,Delux Public Charter LLC,29901
2KQ,Longtail Aviation Ltd.,16
2LQ,Tropic Ocean Airways LLC,1918
2O,Island Air Service,12232
2UQ,Svenskt Industriflyg AB,10
34Q,"Polaris Aviation Solutions, LLC",1
36Q,Air Hamburg Luftverkehrsgesellschaft mbH,103
3AQ,"Maritime Helicopters, Inc.",3746
3E,"Multi-Aero, Inc. d/b/a Air Choice One",1064
3EQ,"Scott Aviation, LLC  d/b/a  Silver Air",1599
3FQ,"Western Air Charter, Inc.  d/b/a  Jet Edge",9215
3KQ,"Junipogo, LLC",97
3M,Silver Airways,14051
3S,AeroLogic GmbH,216
4B,Boutique Air,11713
4W,Warbelow,5733
4Y,EUROWINGS DISCOVER GmbH,5
5D,Aerolitoral,2
5V,Tatonduk Outfitters Limited d/b/a Everts Air Alaska and Everts Air Cargo,8503
5X,United Parcel Service,154949
5Y,Atlas Air Inc.,23535
6F,"FOX AIRCRAFT, LLC",5489
7H,NEW PACIFIC AIRLINES,14059
7S,Ryan Air f/k/a Arctic Transportation,23527
8C,Air Transport International,30986
8E,Bering Air Inc.,41850
8V,Wright Air Service,23989
9E,Endeavor Air Inc.,224395
9K,"Hyannis Air Service, Inc. dba Cape Air",75742
9X,"Southern Airways Express, dba Mokulele Airlines",81086
AA,American Airlines Inc.,851272
ABX,ABX Air Inc,13185
AC,Air Canada,268
AD,Azul Linhas Aereas Brazileiras S A,1
ADB,Antonov Company,28
AF,Compagnie Natl Air France,11
ALQ,Alliance Executive Jets Ltd.,4
AM,Aeromexico,9
AMQ,Ameristar Air Cargo,1200
AN,"ADVANCED AIR, LLC",8738
AOQ,Avcon Jet AG,36
AS,Alaska Airlines Inc.,230795
ATQ,Bairline Fluggesellschaft,3
AZ,Italia Transporto Aereo S.P.A DBA ITA S.P.A,1
B6,JetBlue Airways,263956
BA,British Airways Plc,2
BAS,Baranautica Air Service LLC,231
BCQ,Bradley Air Services Ltd.,2
BR,Eva Airways Corporation,1544
BW,Caribbean Airlines Limited,1
C5,CommuteAir LLC dba CommuteAir,76623
CA,Air China,404
CAZ,CAT Aviation,1
CC,Air Atlanta Icelandic,25
CH,Bemidji Airlines,229
CI,China Airlines Ltd.,3298
CK,China Cargo Airline,331
CX,Cathay Pacific Airways Ltd.,2530
DE,Condor Flugdienst,19
DHQ,DHL Aero Expresso,1
DL,Delta Air Lines Inc.,888192
EAU,Elitavia Malta Limited,7
EB,WAMOS AIR SA,33
ELL,Ellis Air Taxi Inc.,416
EM,Empire Airlines Inc.,17167
EV,ExpressJet Airlines LLC d/b/a aha!,1583
EY,Etihad Airways,2
F9,Frontier Airlines Inc.,151088
FX,Federal Express Corporation,272838
FYQ,Flying Group Lux S.A.,1
G3,VRG Linhas Aereas S A,5
G4,Allegiant Air,113902
G7,GoJet Airlines LLC d/b/a United Express,50833
GCA,"Global Crossing Airlines, Inc.",1518
GCH,Grand Canyon Helicopters,732
GEQ,"Gestair, S.A.",8
GFQ,Gulf And Caribbean Cargo,2031
GV,Grant Aviation,76847
HA,Hawaiian Airlines Inc.,73952
HAQ,Hamilton Jetport Limited,25
HYP,Hyperion Aviation Ltd. dba Hyperion,7
I4,Scott Air LLC dba Island Air Express,5226
IB,Iberia Air Lines Of Spain,1
IFQ,FAI rent-a-jet AG,7
IGA,"Global Jet Austria, GmbH",1
J5,Kalinin Aviation LLC d/b/a Alaska Seaplanes,19563
JCO,Concierge U Ltd. d/b/a Jet Concierge Club,11
JJ,TAM Linhas Aereas SA dba Latam Airlines Brasil,2
JL,Japan Air Lines Co. Ltd.,3
JN,"J&M Alaska Air Tours, Inc. d/b/a Alaska Air Transit",1332
JRQ,"KENAI AVIATION OPERATIONS, LLC",817
K2,"Paklook Air, Inc d/b/a/ Airlift Alaska d/b/a/ Yute Commuter Service",29588
K3,Venture Travel LLC d/b/a Taquan Air Service,4963
KAH,Kenmore Air Harbor,24994
KAQ,Kalitta Air LLC,7914
KAT,Katmai Air,3571
KD,Western Global,1675
KE,Korean Air Lines Co. Ltd.,3886
KFQ,Skyfirst Limited,18
KG,Key Lime Air Corp dba Denver Air Connection,10966
KH,Aloha Air Cargo,10450
KLQ,Kalitta Charters II,5544
KO,Alaska Central Express,17138
KX,Cayman Airways Limited,3
KZ,Nippon Cargo Airlines,1392
L2,Lynden Air Cargo Airlines,3475
L7,Lan Colombia,236
LA,LATAM Airlines Group SA dba Lan Airlines,59
LDQ,Sparfell Luftfahrt GmbH,4
LF,CFM Inc d/b/a Contour Airlines d/b/a One Jet Shuttle,18019
LH,Lufthansa German Airlines,82
LMQ,Luxaviation EA,1
LP,Lan Peru Airlines,2
LX,Swiss International Airlines,1
LXQ,Luxaviation Germany GmbH,5
M3,ABSA-Aerolinhas Brasileiras,1
M6,Amerijet International,4228
M7,Aerotransportes Mas De Crga,2
MQ,Envoy Air,243136
MU,China Eastern Airlines,157
MX,Breeze Aviation Group DBA  Breeze,13208
N8,National Air Cargo Group Inc d/ba National Airlines,592
NC,Northern Air Cargo Inc.,6085
NEW,New England Airlines Inc.,7444
NIQ,AVCON JET MALTA LTD,3
NK,Spirit Air Lines,226082
NLQ,Nolinor Aviation,8
OH,PSA Airlines Inc.,208368
OO,SkyWest Airlines Inc.,727392
OZ,Asiana Airlines Inc.,2872
PAF,Pathfinder Aviation,92
PFQ,Asia Pacific,1091
PH,Polynesian Airlines Ltd.,240
PO,Polar Air Cargo Airways,3407
PR,Philippine Airlines Inc.,40
PT,Piedmont Airlines,84140
PTQ,Pontair Ltd.,10
Q5,40-Mile Air,1030
QF,Qantas Airways Ltd.,696
QFX,Sparfell Malta Ltd,1
QX,Horizon Air,87567
RV,Air Canada rouge LP,18
RVQ,"Reeve Air Alaska, LLC",910
S2,Star Marianas Air Inc.,25586
SEB,"Seaborne Virgin Islands, Inc.",3873
SNK,Spernak Airways Inc.,3083
SQ,Singapore Airlines Ltd.,194
SVW,"Global Jet Luxembourg, Sa",22
SY,Sun Country Airlines d/b/a MN Airlines,39157
TK,Turk Hava Yollari A.O.,155
TP,TAP-TAP Air Portugal,3
TQ,"Tailwind Air, LLC",1335
U7,USA Jet Airlines Inc.,4255
UA,United Air Lines Inc.,617995
UX,Air Europa,1
V8,Iliamna Air Taxi,2541
VB,"Aeroenlaces Nacionales, S.A. de C.V. d/b/a VivaAerobus",4
VI,Vieques Air Link Inc.,14185
VIQ,Volga-Dnepr Airlines,3
VJT,VistaJet Limited,10
VS,Virgin Atlantic Airways,9
WGT,Volkswagen AirSevice GmbH dba Volkswagon,21
WI,Sky Lease Cargo,469
WL,"Caribbean Sun Airlines, Inc. d/b/a World Atlantic Airlines",44
WN,Southwest Airlines Co.,1267674
WS,Westjet,2
WST,Friday Harbor Seaplanes,1282
X4,Air Excursions LLC,1847
X7,Challenge Airlines (BE) S.A.,2
X9,Omni Air International LLC,424
XP,TEM Enterprises dba  Avelo Airlines,10469
YR,"Grand Canyon Airlines, Inc. d/b/a Grand Canyon Airlines d/b/a Scenic Airlines",7695
YV,Mesa Airlines Inc.,113075
YX,Republic Airline,302601
Z3Q,"PM Air, LLC",4278
ZPQ,"Silk Way Airlines, LLC",1
ZW,Air Wisconsin Airlines Corp,64601
All Rows,All Rows (including those not displayed),8223577
02Q,Titan Airways,11
04Q,Tradewind Aviation,7184
07Q,Flair Airlines Ltd.,2
09Q,"Swift Air, LLC d/b/a Eastern Air Lines d/b/a Eastern",12510
0BQ,DCA,4
0CQ,ACM AIR CHARTER GmbH,49
0Q,Flying Service N.V.,24
0UQ,"Comlux Malta, Ltd.",13
10Q,Swiss Air Ambulance,4
13Q,Chartright Air Inc.,204
14Q,London Air Services Limited,102
15Q,Air Alsie A/S,76
1BQ,"Eastern Airlines f/k/a Dynamic Airways, LLC",109
1EQ,"KaiserAir, Inc.",274
1HQ,International Jet Management GmbH,23
1QQ,City Wings Inc dba Seaflight,2696
1UQ,Gainjet Aviation SA,41
1XQ,Dassault Falcon Service,2
1YQ,"Air Charter, Inc d/b/a Air Flamenco",6180
1ZQ,Comlux Aruba NV,5
24Q,Jet Story,9
25Q,Mjet GmbH,6
2AQ,ABS JETS A.S,13
2E,Smokey Bay Air Inc.,9284
2JQ,Delux Public Charter LLC,33719
2LQ,Tropic Ocean Airways LLC,2348
2NQ,LIMA NY Corp d/b/a Fly The Whale,6789
2O,Island Air Service,11716
2UQ,Svenskt Industriflyg AB,7
34Q,"Polaris Aviation Solutions, LLC",3
36Q,Air Hamburg Luftverkehrsgesellschaft mbH,87
3AQ,"Maritime Helicopters, Inc.",3367
3EQ,"Scott Aviation, LLC  d/b/a  Silver Air",1348
3FQ,"Western Air Charter, Inc.  d/b/a  Jet Edge",5676
3KQ,"Junipogo, LLC",932
3M,Silver Airways,17203
3S,AeroLogic GmbH,173
4B,Boutique Air,5691
4W,Warbelow,5851
4Y,EUROWINGS DISCOVER GmbH,13
5D,Aerolitoral,12
5V,Tatonduk Outfitters Limited d/b/a Everts Air Alaska and Everts Air Cargo,9172
5X,United Parcel Service,138376
5Y,Atlas Air Inc.,22562
6F,"FOX AIRCRAFT, LLC",14357
7H,NEW PACIFIC AIRLINES,11167
7L,Silk Way West Airlines,20
7S,Ryan Air f/k/a Arctic Transportation,20809
8C,Air Transport International,32817
8E,Bering Air Inc.,42843
8V,Wright Air Service,25173
9E,Endeavor Air Inc.,197766
9K,"Hyannis Air Service, Inc. dba Cape Air",69432
9X,"Southern Airways Express, dba Mokulele Airlines",74377
AA,American Airlines Inc.,933815
ABX,ABX Air Inc,14306
AC,Air Canada,404
AD,Azul Linhas Aereas Brazileiras S A,1
ADB,Antonov Company,82
AF,Compagnie Natl Air France,12
ALQ,Alliance Executive Jets Ltd.,2
AM,Aeromexico,16
AMQ,Ameristar Air Cargo,614
AN,"ADVANCED AIR, LLC",7870
AOQ,Avcon Jet AG,22
ARQ,Flightworx Aviation Ltd,1
AS,Alaska Airlines Inc.,252027
ATQ,Bairline Fluggesellschaft,2
B6,JetBlue Airways,270625
BAS,Baranautica Air Service LLC,213
BR,Eva Airways Corporation,1605
C5,CommuteAir LLC dba CommuteAir,71619
CA,Air China,346
CC,Air Atlanta Icelandic,32
CI,China Airlines Ltd.,2616
CK,China Cargo Airline,486
CX,Cathay Pacific Airways Ltd.,3163
DE,Condor Flugdienst,20
DL,Delta Air Lines Inc.,984153
EAU,Elitavia Malta Limited,9
EK,Emirates,4
ELL,Ellis Air Taxi Inc.,376
EM,Empire Airlines Inc.,15764
F9,Frontier Airlines Inc.,173809
FX,Federal Express Corporation,244143
FYQ,Flying Group Lux S.A.,8
G3,VRG Linhas Aereas S A,7
G4,Allegiant Air,115987
G7,GoJet Airlines LLC d/b/a United Express,43672
GCA,"Global Crossing Airlines, Inc.",3607
GCH,Grand Canyon Helicopters,585
GEQ,"Gestair, S.A.",28
GFQ,Gulf And Caribbean Cargo,1897
GQQ,Executive Express dba Ravn Connect,469
GV,Grant Aviation,82230
HA,Hawaiian Airlines Inc.,80129
HAQ,Hamilton Jetport Limited,22
HUQ,Haute Aviation,19
HYP,Hyperion Aviation Ltd. dba Hyperion,9
I4,Scott Air LLC dba Island Air Express,5350
IB,Iberia Air Lines Of Spain,9
IFQ,FAI rent-a-jet AG,14
IGA,"Global Jet Austria, GmbH",1
J5,Kalinin Aviation LLC d/b/a Alaska Seaplanes,18683
JCO,Concierge U Ltd. d/b/a Jet Concierge Club,15
JEQ,Jetflite Oy,10
JJ,TAM Linhas Aereas SA dba Latam Airlines Brasil,9
JL,Japan Air Lines Co. Ltd.,4
JN,"J&M Alaska Air Tours, Inc. d/b/a Alaska Air Transit",1588
JRQ,"KENAI AVIATION OPERATIONS, LLC",5980
K2,"Paklook Air, Inc d/b/a/ Airlift Alaska d/b/a/ Yute Commuter Service",27059
K3,Venture Travel LLC d/b/a Taquan Air Service,5033
KAH,Kenmore Air Harbor,17748
KAQ,Kalitta Air LLC,5159
KAT,Katmai Air,3500
KD,Western Global,749
KE,Korean Air Lines Co. Ltd.,3561
KFQ,Skyfirst Limited,12
KG,Key Lime Air Corp dba Denver Air Connection,14877
KH,Aloha Air Cargo,12764
KLQ,Kalitta Charters II,5292
KO,Alaska Central Express,16029
KX,Cayman Airways Limited,1
KZ,Nippon Cargo Airlines,1375
L2,Lynden Air Cargo Airlines,2950
L7,Lan Colombia,264
LA,LATAM Airlines Group SA dba Lan Airlines,221
LDQ,Sparfell Luftfahrt GmbH,2
LF,CFM Inc d/b/a Contour Airlines d/b/a One Jet Shuttle,24587
LH,Lufthansa German Airlines,73
LP,Lan Peru Airlines,5
LX,Swiss International Airlines,1
M3,ABSA-Aerolinhas Brasileiras,2
M6,Amerijet International,3259
MP,Martinair Holland N.V.,3
MQ,Envoy Air,225818
MU,China Eastern Airlines,11
MX,Breeze Aviation Group DBA  Breeze,30068
N0,"Norse Atlantic Airways,AS",2
N8,National Air Cargo Group Inc d/ba National Airlines,640
NC,Northern Air Cargo Inc.,5374
NEW,New England Airlines Inc.,6696
NIQ,AVCON JET MALTA LTD,2
NK,Spirit Air Lines,260133
NLQ,Nolinor Aviation,2
OH,PSA Airlines Inc.,192195
OO,SkyWest Airlines Inc.,678515
OZ,Asiana Airlines Inc.,2757
PAF,Pathfinder Aviation,92
PFQ,Asia Pacific,376
PO,Polar Air Cargo Airways,2021
PR,Philippine Airlines Inc.,27
PT,Piedmont Airlines,98651
PTQ,Pontair Ltd.,19
Q5,40-Mile Air,1068
QF,Qantas Airways Ltd.,635
QFX,Sparfell Malta Ltd,9
QK,Jazz Aviation LP,1
QT,Transportes Aereos Mercantiles Panamericanos S.A,3
QX,Horizon Air,68463
RV,Air Canada rouge LP,22
RVQ,"Reeve Air Alaska, LLC",876
S2,Star Marianas Air Inc.,24546
SEB,"Seaborne Virgin Islands, Inc.",4008
SK,Scandinavian Airlines Sys.,2
SNK,Spernak Airways Inc.,3543
SQ,Singapore Airlines Ltd.,173
SVW,"Global Jet Luxembourg, Sa",18
SWQ,Swiss Private Jet S.A.,8
SY,Sun Country Airlines d/b/a MN Airlines,44973
TA,Taca International Airlines,1
TK,Turk Hava Yollari A.O.,136
TP,TAP-TAP Air Portugal,7
TQ,"Tailwind Air, LLC",1240
U7,USA Jet Airlines Inc.,3869
UA,United Air Lines Inc.,725563
UX,Air Europa,3
V8,Iliamna Air Taxi,4489
VB,"Aeroenlaces Nacionales, S.A. de C.V. d/b/a VivaAerobus",4
VC,Via Airlines d/b/a Sterling Airways,804
VI,Vieques Air Link Inc.,8177
VJT,VistaJet Limited,11
VS,Virgin Atlantic Airways,10
W8,Cargojet Airways Ltd.,1
WGT,Volkswagen AirSevice GmbH dba Volkswagon,11
WI,Sky Lease Cargo,291
WL,"Caribbean Sun Airlines, Inc. d/b/a World Atlantic Airlines",322
WN,Southwest Airlines Co.,1427856
WS,Westjet,2
WST,Friday Harbor Seaplanes,1084
X4,Air Excursions LLC,2037
X7,Challenge Airlines (BE) S.A.,3
X9,Omni Air International LLC,255
XL,Lan Ecuador,6
XP,TEM Enterprises dba  Avelo Airlines,17753
YR,"Grand Canyon Airlines, Inc. d/b/a Grand Canyon Airlines d/b/a Scenic Airlines",6833
YV,Mesa Airlines Inc.,89454
YX,Republic Airline,288362
Z0,Norse Atlantic UK Ltd,1
Z3Q,"PM Air, LLC",5402
ZPQ,"Silk Way Airlines, LLC",3
ZW,Air Wisconsin Airlines Corp,56412
All Rows,All Rows (including those not displayed),8567795
02Q,Titan Airways,10
04Q,Tradewind Aviation,8746
09Q,"Swift Air, LLC d/b/a Eastern Air Lines d/b/a Eastern",3006
0BQ,DCA,2
0CQ,ACM AIR CHARTER GmbH,41
0J,JetClub AG,1
0Q,Flying Service N.V.,23
0UQ,"Comlux Malta, Ltd.",9
10Q,Swiss Air Ambulance,2
13Q,Chartright Air Inc.,349
15Q,Air Alsie A/S,66
17Q,Albinati Aeronautics SA,1
1BQ,"Eastern Airlines f/k/a Dynamic Airways, LLC",141
1EQ,"KaiserAir, Inc.",433
1HQ,International Jet Management GmbH,17
1QQ,City Wings Inc dba Seaflight,1748
1UQ,Gainjet Aviation SA,40
1XQ,Dassault Falcon Service,2
1YQ,"Air Charter, Inc d/b/a Air Flamenco",2007
24Q,Jet Story,8
25Q,Mjet GmbH,5
27Q,"Jet Aviation Flight Services, Inc.",2357
2AQ,ABS JETS A.S,28
2E,Smokey Bay Air Inc.,10388
2JQ,Delux Public Charter LLC,30020
2LQ,Tropic Ocean Airways LLC,3048
2NQ,LIMA NY Corp d/b/a Fly The Whale,11691
2O,Island Air Service,11166
2UQ,Svenskt Industriflyg AB,2
36Q,Air Hamburg Luftverkehrsgesellschaft mbH,70
3AQ,"Maritime Helicopters, Inc.",3225
3EQ,"Scott Aviation, LLC  d/b/a  Silver Air",1239
3FQ,"Western Air Charter, Inc.  d/b/a  Jet Edge",1053
3KQ,"Junipogo, LLC",1029
3M,Silver Airways,16808
3S,AeroLogic GmbH,580
4B,Boutique Air,4268
4W,Warbelow,5967
4Y,EUROWINGS DISCOVER GmbH,8
5D,Aerolitoral,11
5V,Tatonduk Outfitters Limited d/b/a Everts Air Alaska and Everts Air Cargo,9564
5X,United Parcel Service,141013
5Y,Atlas Air Inc.,24452
6F,"FOX AIRCRAFT, LLC",15783
7H,NEW PACIFIC AIRLINES,5245
7S,Ryan Air f/k/a Arctic Transportation,20629
8C,Air Transport International,32062
8E,Bering Air Inc.,42753
8V,Wright Air Service,26030
9E,Endeavor Air Inc.,195935
9K,"Hyannis Air Service, Inc. dba Cape Air",78640
9X,"Southern Airways Express, dba Mokulele Airlines",70039
AA,American Airlines Inc.,972871
ABX,ABX Air Inc,15949
AC,Air Canada,496
AD,Azul Linhas Aereas Brazileiras S A,1
ADB,Antonov Company,53
AF,Compagnie Natl Air France,11
ALQ,Alliance Executive Jets Ltd.,1
AM,Aeromexico,14
AMQ,Ameristar Air Cargo,504
AN,"ADVANCED AIR, LLC",10432
AOQ,Avcon Jet AG,26
AQB,Scanwings Oy,1
AS,Alaska Airlines Inc.,250298
ATQ,Bairline Fluggesellschaft,1
AZ,Italia Transporto Aereo S.P.A DBA ITA S.P.A,2
B6,JetBlue Airways,237796
BA,British Airways Plc,2
BAS,Baranautica Air Service LLC,220
BCQ,Bradley Air Services Ltd.,1
BQJ,Brenzil Pty. Ltd. d/b/a Brenzil Jet Charter,4
BR,Eva Airways Corporation,1815
C5,CommuteAir LLC dba CommuteAir,72608
CA,Air China,499
CC,Air Atlanta Icelandic,13
CI,China Airlines Ltd.,2416
CK,China Cargo Airline,492
CRV,Acropolis Aviation Ltd.,3
CT,Air Atlanta Europe Limited,4
CX,Cathay Pacific Airways Ltd.,2800
DE,Condor Flugdienst,8
DL,Delta Air Lines Inc.,1009255
EAU,Elitavia Malta Limited,2
EDQ,Air Charter Scotland Ltd.,11
ELL,Ellis Air Taxi Inc.,420
EM,Empire Airlines Inc.,16047
F9,Frontier Airlines Inc.,204005
FX,Federal Express Corporation,224520
G3,VRG Linhas Aereas S A,3
G4,Allegiant Air,116590
G7,GoJet Airlines LLC d/b/a United Express,54064
GCA,"Global Crossing Airlines, Inc.",5318
GCH,Grand Canyon Helicopters,544
GEQ,"Gestair, S.A.",35
GFQ,Gulf And Caribbean Cargo,1657
GQQ,Executive Express dba Ravn Connect,566
GV,Grant Aviation,90900
HA,Hawaiian Airlines Inc.,79583
HAQ,Hamilton Jetport Limited,19
HUQ,Haute Aviation,17
HYP,Hyperion Aviation Ltd. dba Hyperion,3
I4,Scott Air LLC dba Island Air Express,5848
IB,Iberia Air Lines Of Spain,3
IFQ,FAI rent-a-jet AG,23
IWQ,Island Wings Ltd. Dba Island Wings Charter,1
J5,Kalinin Aviation LLC d/b/a Alaska Seaplanes,16223
JCO,Concierge U Ltd. d/b/a Jet Concierge Club,25
JEQ,Jetflite Oy,3
JJ,TAM Linhas Aereas SA dba Latam Airlines Brasil,1
JL,Japan Air Lines Co. Ltd.,1
JN,"J&M Alaska Air Tours, Inc. d/b/a Alaska Air Transit",1697
JRQ,"KENAI AVIATION OPERATIONS, LLC",9004
JWQ,Global Jet Aruba V.B.A. d/b/a Global Jet Aruba,3
K2,"Paklook Air, Inc d/b/a/ Airlift Alaska d/b/a/ Yute Commuter Service",33545
K3,Venture Travel LLC d/b/a Taquan Air Service,5373
KAH,Kenmore Air Harbor,20521
KAQ,Kalitta Air LLC,5085
KAT,Katmai Air,3672
KD,Western Global,912
KE,Korean Air Lines Co. Ltd.,3477
KFQ,Skyfirst Limited,10
KG,Key Lime Air Corp dba Denver Air Connection,15233
KH,Aloha Air Cargo,13016
KLQ,Kalitta Charters II,5571
KO,Alaska Central Express,15208
KX,Cayman Airways Limited,3
KZ,Nippon Cargo Airlines,1491
L2,Lynden Air Cargo Airlines,2446
L7,Lan Colombia,303
LA,LATAM Airlines Group SA dba Lan Airlines,21
LDQ,Sparfell Luftfahrt GmbH,2
LF,CFM Inc d/b/a Contour Airlines d/b/a One Jet Shuttle,28269
LH,Lufthansa German Airlines,45
LP,Lan Peru Airlines,4
LX,Swiss International Airlines,6
M3,ABSA-Aerolinhas Brasileiras,4
M6,Amerijet International,3194
MP,Martinair Holland N.V.,1
MQ,Envoy Air,276659
MU,China Eastern Airlines,52
MX,Breeze Aviation Group DBA  Breeze,43222
N8,National Air Cargo Group Inc d/ba National Airlines,679
NC,Northern Air Cargo Inc.,5353
NEW,New England Airlines Inc.,6165
NIQ,AVCON JET MALTA LTD,5
NK,Spirit Air Lines,256683
NLQ,Nolinor Aviation,5
OH,PSA Airlines Inc.,224750
OO,SkyWest Airlines Inc.,751620
OZ,Asiana Airlines Inc.,2358
PAF,Pathfinder Aviation,108
PFQ,Asia Pacific,579
PO,Polar Air Cargo Airways,939
PR,Philippine Airlines Inc.,1
PT,Piedmont Airlines,114114
PTQ,Pontair Ltd.,14
Q5,40-Mile Air,899
QF,Qantas Airways Ltd.,484
QFX,Sparfell Malta Ltd,79
QX,Horizon Air,82294
RV,Air Canada rouge LP,17
RVQ,"Reeve Air Alaska, LLC",814
S2,Star Marianas Air Inc.,25185
SEB,"Seaborne Virgin Islands, Inc.",1042
SNK,Spernak Airways Inc.,3722
SQ,Singapore Airlines Ltd.,211
SVW,"Global Jet Luxembourg, Sa",29
SWQ,Swiss Private Jet S.A.,10
SY,Sun Country Airlines d/b/a MN Airlines,47825
TA,Taca International Airlines,2
TIQ,Tyrolean Jet Service,4
TK,Turk Hava Yollari A.O.,229
TP,TAP-TAP Air Portugal,8
TQ,"Tailwind Air, LLC",9
U7,USA Jet Airlines Inc.,2327
UA,United Air Lines Inc.,751963
V8,Iliamna Air Taxi,3993
VB,"Aeroenlaces Nacionales, S.A. de C.V. d/b/a VivaAerobus",46
VC,Via Airlines d/b/a Sterling Airways,2671
VI,Vieques Air Link Inc.,13066
VJT,VistaJet Limited,9
VS,Virgin Atlantic Airways,8
W2,FlexFlight AsP,9
WGT,Volkswagen AirSevice GmbH dba Volkswagon,27
WI,Sky Lease Cargo,382
WL,"Caribbean Sun Airlines, Inc. d/b/a World Atlantic Airlines",127
WN,Southwest Airlines Co.,1411345
WS,Westjet,2
WST,Friday Harbor Seaplanes,1124
X4,Air Excursions LLC,1873
X9,Omni Air International LLC,358
XL,Lan Ecuador,22
XP,TEM Enterprises dba  Avelo Airlines,19448
YR,"Grand Canyon Airlines, Inc. d/b/a Grand Canyon Airlines d/b/a Scenic Airlines",9154
YV,Mesa Airlines Inc.,89467
YX,Republic Airline,296891
Z3Q,"PM Air, LLC",5328
ZPQ,"Silk Way Airlines, LLC",3
ZW,Air Wisconsin Airlines Corp,51738
All Rows,All Rows (including those not displayed),8852454
02Q,Titan Airways,1
04Q,Tradewind Aviation,285
13Q,Chartright Air Inc.,9
15Q,Air Alsie A/S,5
1BQ,"Eastern Airlines f/k/a Dynamic Airways, LLC",18
1EQ,"KaiserAir, Inc.",41
1QQ,City Wings Inc dba Seaflight,206
27Q,"Jet Aviation Flight Services, Inc.",183
2AQ,ABS JETS A.S,1
2E,Smokey Bay Air Inc.,654
2JQ,Delux Public Charter LLC,2848
2NQ,LIMA NY Corp d/b/a Fly The Whale,1153
36Q,Air Hamburg Luftverkehrsgesellschaft mbH,3
3AQ,"Maritime Helicopters, Inc.",209
3EQ,"Scott Aviation, LLC  d/b/a  Silver Air",110
3KQ,"Junipogo, LLC",54
3M,Silver Airways,1541
3S,AeroLogic GmbH,56
4B,Boutique Air,370
4W,Warbelow,316
4Y,EUROWINGS DISCOVER GmbH,1
5D,Aerolitoral,1
5V,Tatonduk Outfitters Limited d/b/a Everts Air Alaska and Everts Air Cargo,772
5X,United Parcel Service,12501
5Y,Atlas Air Inc.,1455
6F,"FOX AIRCRAFT, LLC",1202
7H,NEW PACIFIC AIRLINES,352
7S,Ryan Air f/k/a Arctic Transportation,1310
8C,Air Transport International,2245
8E,Bering Air Inc.,2958
8V,Wright Air Service,1873
9E,Endeavor Air Inc.,17602
9K,"Hyannis Air Service, Inc. dba Cape Air",5810
9X,"Southern Airways Express, dba Mokulele Airlines",3984
AA,American Airlines Inc.,72526
ABX,ABX Air Inc,1580
AC,Air Canada,52
ADB,Antonov Company,3
AF,Compagnie Natl Air France,1
ALQ,Alliance Executive Jets Ltd.,1
AM,Aeromexico,5
AMQ,Ameristar Air Cargo,41
AN,"ADVANCED AIR, LLC",1029
AS,Alaska Airlines Inc.,18691
AV,Aerovias Nacl De Colombia,1
B6,JetBlue Airways,17645
BAS,Baranautica Air Service LLC,11
BQJ,Brenzil Pty. Ltd. d/b/a Brenzil Jet Charter,1
BR,Eva Airways Corporation,155
C5,CommuteAir LLC dba CommuteAir,6350
CA,Air China,71
CI,China Airlines Ltd.,234
CK,China Cargo Airline,43
CX,Cathay Pacific Airways Ltd.,209
DL,Delta Air Lines Inc.,75088
EDQ,Air Charter Scotland Ltd.,1
ELL,Ellis Air Taxi Inc.,36
EM,Empire Airlines Inc.,1379
F9,Frontier Airlines Inc.,15157
FX,Federal Express Corporation,15662
G4,Allegiant Air,9289
G7,GoJet Airlines LLC d/b/a United Express,5331
GCA,"Global Crossing Airlines, Inc.",471
GCH,Grand Canyon Helicopters,62
GFQ,Gulf And Caribbean Cargo,114
GV,Grant Aviation,5828
HA,Hawaiian Airlines Inc.,6908
HAQ,Hamilton Jetport Limited,4
HUQ,Haute Aviation,3
I4,Scott Air LLC dba Island Air Express,249
IFQ,FAI rent-a-jet AG,3
J5,Kalinin Aviation LLC d/b/a Alaska Seaplanes,792
JEQ,Jetflite Oy,1
JN,"J&M Alaska Air Tours, Inc. d/b/a Alaska Air Transit",183
K2,"Paklook Air, Inc d/b/a/ Airlift Alaska d/b/a/ Yute Commuter Service",2153
KAH,Kenmore Air Harbor,551
KAQ,Kalitta Air LLC,377
KD,Western Global,30
KE,Korean Air Lines Co. Ltd.,295
KFQ,Skyfirst Limited,1
KG,Key Lime Air Corp dba Denver Air Connection,1454
KH,Aloha Air Cargo,839
KO,Alaska Central Express,1223
KZ,Nippon Cargo Airlines,99
L2,Lynden Air Cargo Airlines,129
L7,Lan Colombia,17
LF,CFM Inc d/b/a Contour Airlines d/b/a One Jet Shuttle,2292
LH,Lufthansa German Airlines,1
M6,Amerijet International,243
MQ,Envoy Air,20891
MX,Breeze Aviation Group DBA  Breeze,3999
N8,National Air Cargo Group Inc d/ba National Airlines,124
NC,Northern Air Cargo Inc.,428
NEW,New England Airlines Inc.,412
NK,Spirit Air Lines,17004
OH,PSA Airlines Inc.,19225
OO,SkyWest Airlines Inc.,65320
OZ,Asiana Airlines Inc.,216
PAF,Pathfinder Aviation,6
PFQ,Asia Pacific,40
PO,Polar Air Cargo Airways,78
PT,Piedmont Airlines,10334
PTQ,Pontair Ltd.,1
Q5,40-Mile Air,52
QF,Qantas Airways Ltd.,36
QFX,Sparfell Malta Ltd,1
QX,Horizon Air,7647
RV,Air Canada rouge LP,1
RVQ,"Reeve Air Alaska, LLC",62
S2,Star Marianas Air Inc.,2000
SNK,Spernak Airways Inc.,197
SQ,Singapore Airlines Ltd.,20
SWQ,Swiss Private Jet S.A.,1
SY,Sun Country Airlines d/b/a MN Airlines,3175
TK,Turk Hava Yollari A.O.,16
TP,TAP-TAP Air Portugal,1
U7,USA Jet Airlines Inc.,109
UA,United Air Lines Inc.,61087
VB,"Aeroenlaces Nacionales, S.A. de C.V. d/b/a VivaAerobus",1
VC,Via Airlines d/b/a Sterling Airways,272
VJT,VistaJet Limited,7
VS,Virgin Atlantic Airways,1
WGT,Volkswagen AirSevice GmbH dba Volkswagon,4
WI,Sky Lease Cargo,34
WL,"Caribbean Sun Airlines, Inc. d/b/a World Atlantic Airlines",3
WN,Southwest Airlines Co.,102483
X4,Air Excursions LLC,82
X9,Omni Air International LLC,9
XP,TEM Enterprises dba  Avelo Airlines,1713
YR,"Grand Canyon Airlines, Inc. d/b/a Grand Canyon Airlines d/b/a Scenic Airlines",401
YV,Mesa Airlines Inc.,6179
YX,Republic Airline,26784
Z3Q,"PM Air, LLC",506
ZW,Air Wisconsin Airlines Corp,3974
All Rows,All Rows (including those not displayed),679979
